train,bandeja,Feans_Fran_RGB00001482
train,bandeja,Feans_1_RGB00001064
train,bandeja,Fas2_00001137_flipped_rotated
train,bandeja,Feans_Pedro_RGB00000827_flipped
train,bandeja,Anton00001901_rotated
train,bandeja,Lucas00001355_rotated
train,bandeja,Merchi_RGB00000811_flipped_rotated
train,bandeja,Martin00001019_flipped_rotated
train,bandeja,Fas6_00002477_flipped_rotated
train,bandeja,Feans_2_RGB00001477
train,bandeja,Lucas00001466
train,bandeja,Fas7_00001082_rotated
train,bandeja,Anton00001980_rotated
train,bandeja,Fas6_00002477
train,bandeja,Anton00001980_flipped
train,bandeja,Edu_RGB00001588
train,bandeja,Feans_Pedro_RGB00000957_flipped_rotated
train,bandeja,Anton00001980_flipped_rotated
train,bandeja,Feans_Pedro_RGB00000827_flipped_rotated
train,bandeja,Fas5_00001348_flipped
train,bandeja,Fas5_00001404_rotated
train,bandeja,Merchi_RGB00000811_flipped
train,bandeja,Edu_RGB00001667
train,bandeja,galan00001054_flipped
train,bandeja,Fas4_00001409
train,bandeja,Martin00001111_rotated
train,bandeja,Fas3_00001752
train,bandeja,Fas3_00001569_flipped
train,bandeja,Feans_1_RGB00001198_flipped_rotated
train,bandeja,Fas4_00001276
train,bandeja,Merchi_RGB00000866_flipped_rotated
train,bandeja,Feans_Pedro_RGB00000827_rotated
train,bandeja,Fas1_00001493_flipped_rotated
train,bandeja,Martin00001111
train,bandeja,Feans_1_RGB00001198
train,bandeja,Martin00001111_flipped
train,bandeja,Fas5_00001404_flipped
train,bandeja,Feans_Fran_RGB00001566_flipped
train,bandeja,Feans_Fran_RGB00001566
train,bandeja,Fas2_00001222_rotated
train,bandeja,Fas8_00001162_rotated
train,bandeja,Fas6_00002364_flipped
train,bandeja,Deber00001273
train,bandeja,Fas4_00001347_flipped
train,bandeja,galan00001189_rotated
train,bandeja,Fas8_00001078_flipped_rotated
train,bandeja,Fas6_00002477_rotated
train,bandeja,Fas1_00001382_flipped
train,bandeja,Pablo_Plaza_RGB00001563_flipped
train,bandeja,Fas4_00001347_rotated
train,bandeja,Feans_2_RGB00001404
train,bandeja,Edu_RGB00001588_flipped_rotated
train,bandeja,Anton00001901_flipped
train,bandeja,Lucas00001466_flipped
train,bandeja,Feans_2_RGB00001552_rotated
train,bandeja,Fas4_00001276_rotated
train,bandeja,Merchi_RGB00000811_rotated
train,bandeja,Pablo_Plaza_RGB00001563_flipped_rotated
train,bandeja,Anton00001901
train,bandeja,Fas1_00001382_flipped_rotated
train,bandeja,Martin00001019_flipped
train,bandeja,galan00001128_rotated
train,bandeja,Merchi_RGB00000866_rotated
train,bandeja,Edu_RGB00001588_rotated
train,bandeja,Fas5_00001348_flipped_rotated
train,bandeja,Fas3_00001752_flipped_rotated
train,bandeja,Fas2_00001051
train,bandeja,Fas2_00001051_rotated
train,bandeja,Merchi_RGB00000866
train,bandeja,Pablo_Plaza_RGB00001480_flipped
train,bandeja,Feans_Pedro_RGB00000900_rotated
train,bandeja,Fas3_00001752_rotated
train,bandeja,Fas8_00001162_flipped
train,bandeja,Fas2_00001137_rotated
train,bandeja,Feans_2_RGB00001477_flipped_rotated
train,bandeja,Anton00002056
train,bandeja,Anton00002056_flipped
train,bandeja,Feans_Fran_RGB00001383
train,bandeja,Edu_RGB00001588_flipped
train,bandeja,Feans_2_RGB00001404_flipped_rotated
train,bandeja,Fas5_00001265
train,bandeja,Feans_Fran_RGB00001566_rotated
train,bandeja,Anton00001901_flipped_rotated
train,bandeja,Pablo_Plaza_RGB00001650_rotated
train,bandeja,Deber00001273_rotated
train,bandeja,Deber00001331_rotated
train,bandeja,Fas8_00001162
train,bandeja,Fas1_00001559_flipped
train,bandeja,Lucas00001466_flipped_rotated
train,bandeja,Alex_Pita_RGB00001566_flipped_rotated
train,bandeja,Alex_Pita_RGB00001566_flipped
train,bandeja,Fas4_00001276_flipped_rotated
train,bandeja,Alex_Pita_RGB00001484
train,bandeja,Deber00001331
train,bandeja,Feans_2_RGB00001404_flipped
train,bandeja,Feans_1_RGB00001135
train,bandeja,Anton00002056_rotated
train,bandeja,Feans_Pedro_RGB00000957_rotated
train,bandeja,Feans_1_RGB00001135_flipped
train,bandeja,Feans_2_RGB00001404_rotated
train,bandeja,Pablo_Plaza_RGB00001650_flipped
train,bandeja,Deber00001273_flipped
train,bandeja,galan00001128_flipped_rotated
train,bandeja,Fas3_00001666
train,bandeja,Feans_Pedro_RGB00000957
train,bandeja,Edu_RGB00001667_flipped_rotated
train,bandeja,Feans_1_RGB00001064_rotated
train,bandeja,Feans_1_RGB00001064_flipped_rotated
train,bandeja,Fas3_00001666_rotated
train,bandeja,Fas2_00001222_flipped
train,bandeja,Fas8_00001078
train,bandeja,Martin00001176_flipped
train,bandeja,Feans_2_RGB00001477_rotated
train,bandeja,Merchi_RGB00000922
train,bandeja,Edu_RGB00001737_flipped
train,bandeja,Fas5_00001404
train,bandeja,Lucas00001546
train,bandeja,Fas8_00001258_rotated
train,bandeja,Fas2_00001137
train,bandeja,Feans_Pedro_RGB00000900_flipped_rotated
train,bandeja,Fas2_00001222_flipped_rotated
train,bandeja,Feans_Fran_RGB00001482_flipped_rotated
train,bandeja,Edu_RGB00001737_flipped_rotated
train,bandeja,Fas6_00002252_rotated
train,bandeja,Fas2_00001051_flipped
train,bandeja,Feans_Fran_RGB00001383_flipped
train,bandeja,Fas7_00001082_flipped
train,bandeja,Fas6_00002252_flipped
train,bandeja,Fas1_00001493
train,bandeja,Deber00001331_flipped
train,bandeja,Fas5_00001265_flipped_rotated
train,bandeja,Alex_Pita_RGB00001390_flipped
train,bandeja,Martin00001111_flipped_rotated
train,bandeja,galan00001054
train,bandeja,Fas4_00001347_flipped_rotated
train,bandeja,Martin00001176_flipped_rotated
train,bandeja,Fas7_00001239_rotated
train,bandeja,Feans_2_RGB00001552_flipped
train,bandeja,Merchi_RGB00000922_flipped
train,bandeja,Lucas00001466_rotated
train,bandeja,Fas1_00001382_rotated
train,bandeja,Alex_Pita_RGB00001390_rotated
train,bandeja,Martin00001019_rotated
train,bandeja,Feans_Pedro_RGB00000827
train,bandeja,Pablo_Plaza_RGB00001650_flipped_rotated
train,bandeja,Edu_RGB00001667_rotated
train,bandeja,Feans_1_RGB00001198_flipped
train,bandeja,Fas3_00001666_flipped_rotated
train,bandeja,Alex_Pita_RGB00001566_rotated
train,bandeja,Pablo_Plaza_RGB00001480
train,bandeja,Lucas00001355
train,bandeja,Fas7_00001163_flipped
train,bandeja,Fas4_00001409_flipped_rotated
train,bandeja,Feans_Fran_RGB00001383_flipped_rotated
train,bandeja,Fas8_00001078_flipped
train,bandeja,Edu_RGB00001667_flipped
train,bandeja,Deber00001214_rotated
train,bandeja,Fas7_00001239_flipped_rotated
train,bandeja,galan00001189
train,bandeja,Anton00002056_flipped_rotated
train,bandeja,Fas4_00001409_rotated
train,bandeja,Fas8_00001258
train,bandeja,Fas4_00001409_flipped
train,bandeja,Edu_RGB00001737
train,bandeja,Feans_Pedro_RGB00000957_flipped
train,bandeja,Fas5_00001348_rotated
train,bandeja,Fas2_00001051_flipped_rotated
train,bandeja,Fas7_00001082_flipped_rotated
train,bandeja,Alex_Pita_RGB00001566
train,bandeja,Pablo_Plaza_RGB00001480_flipped_rotated
train,bandeja,Fas5_00001348
train,bandeja,Martin00001176
train,bandeja,Fas7_00001163_rotated
train,bandeja,Feans_1_RGB00001135_flipped_rotated
train,bandeja,Fas3_00001569
train,bandeja,Fas3_00001666_flipped
train,bandeja,Fas1_00001382
train,bandeja,Feans_Fran_RGB00001383_rotated
train,bandeja,Fas7_00001239_flipped
train,bandeja,Lucas00001355_flipped_rotated
train,bandeja,Fas7_00001239
train,bandeja,Fas4_00001276_flipped
train,bandeja,Pablo_Plaza_RGB00001563
train,bandeja,Fas3_00001569_rotated
train,bandeja,Feans_2_RGB00001477_flipped
train,bandeja,Edu_RGB00001737_rotated
train,bandeja,Deber00001214_flipped
train,bandeja,Feans_2_RGB00001552
train,bandeja,Fas8_00001258_flipped_rotated
train,bandeja,Fas5_00001404_flipped_rotated
train,bandeja,Lucas00001546_flipped_rotated
train,bandeja,Fas3_00001569_flipped_rotated
train,bandeja,Fas6_00002477_flipped
train,bandeja,galan00001189_flipped_rotated
train,bandeja,Feans_Fran_RGB00001482_flipped
train,bandeja,galan00001128_flipped
train,bandeja,Fas4_00001347
train,bandeja,Fas1_00001559_rotated
train,bandeja,Fas8_00001258_flipped
train,bandeja,Pablo_Plaza_RGB00001480_rotated
train,bandeja,Fas6_00002364
train,bandeja,Martin00001176_rotated
validation,bandeja,Fas1_00001559
validation,bandeja,Fas8_00001078_rotated
validation,bandeja,Lucas00001546_rotated
validation,bandeja,Feans_Pedro_RGB00000900_flipped
validation,bandeja,Fas6_00002252
validation,bandeja,Fas1_00001493_rotated
validation,bandeja,Feans_Fran_RGB00001482_rotated
validation,bandeja,Merchi_RGB00000922_flipped_rotated
validation,bandeja,Alex_Pita_RGB00001390_flipped_rotated
validation,bandeja,Fas8_00001162_flipped_rotated
validation,bandeja,Merchi_RGB00000922_rotated
validation,bandeja,Alex_Pita_RGB00001484_flipped_rotated
validation,bandeja,Alex_Pita_RGB00001484_flipped
validation,bandeja,Merchi_RGB00000866_flipped
validation,bandeja,Fas3_00001752_flipped
validation,bandeja,Deber00001214_flipped_rotated
validation,bandeja,Feans_1_RGB00001135_rotated
validation,bandeja,Fas1_00001559_flipped_rotated
validation,bandeja,Pablo_Plaza_RGB00001650
validation,bandeja,Feans_Pedro_RGB00000900
validation,bandeja,Fas2_00001222
validation,bandeja,Fas6_00002364_flipped_rotated
validation,bandeja,Feans_Fran_RGB00001566_flipped_rotated
validation,bandeja,Alex_Pita_RGB00001390
validation,bandeja,galan00001128
test,bandeja,Pablo_Plaza_RGB00001563_rotated
test,bandeja,Feans_1_RGB00001198_rotated
test,bandeja,Fas6_00002252_flipped_rotated
test,bandeja,Fas5_00001265_rotated
test,bandeja,Lucas00001546_flipped
test,bandeja,Merchi_RGB00000811
test,bandeja,Alex_Pita_RGB00001484_rotated
test,bandeja,Fas7_00001163
test,bandeja,Deber00001214
test,bandeja,Fas1_00001493_flipped
test,bandeja,galan00001189_flipped
test,bandeja,Fas5_00001265_flipped
test,bandeja,Feans_2_RGB00001552_flipped_rotated
test,bandeja,Fas7_00001082
test,bandeja,Fas6_00002364_rotated
test,bandeja,galan00001054_flipped_rotated
test,bandeja,Fas7_00001163_flipped_rotated
test,bandeja,Deber00001273_flipped_rotated
test,bandeja,Fas2_00001137_flipped
test,bandeja,Anton00001980
test,bandeja,galan00001054_rotated
test,bandeja,Lucas00001355_flipped
test,bandeja,Martin00001019
test,bandeja,Feans_1_RGB00001064_flipped
test,bandeja,Deber00001331_flipped_rotated
train,derecha,Lucas00000072_flipped_rotated
train,derecha,Edu_derecha1_RGB
train,derecha,Anton00000000_rotated
train,derecha,Lucas00000000
train,derecha,Fas6_00000081
train,derecha,Feans_Pedro_RGB00000125_rotated
train,derecha,Feans_2_RGB00000000_rotated
train,derecha,Fas3_00000088_flipped
train,derecha,Alex_Pita_RGB00000033_rotated
train,derecha,Fas2_00000000_flipped_rotated
train,derecha,Edu_derecha3_RGB_rotated
train,derecha,Fas7_00000000_flipped
train,derecha,Fas4_00000061_flipped_rotated
train,derecha,Fas5_00000142_flipped_rotated
train,derecha,Pablo_Plaza_RGB00000173_flipped
train,derecha,Feans_2_RGB00000000_flipped_rotated
train,derecha,Anton00000000_flipped
train,derecha,galan00000000
train,derecha,Fas7_00000117_flipped_rotated
train,derecha,Fas3_00000088_flipped_rotated
train,derecha,Merchi_RGB00000000_flipped_rotated
train,derecha,galan00000121_flipped
train,derecha,Fas1_00000133_rotated
train,derecha,galan00000000_flipped
train,derecha,Lucas00000138_flipped_rotated
train,derecha,Merchi_RGB00000000_rotated
train,derecha,Merchi_RGB00000115_rotated
train,derecha,Fas7_00000117_rotated
train,derecha,Fas4_00000061_rotated
train,derecha,Feans_Pedro_RGB00000000_flipped
train,derecha,Feans_Pedro_RGB00000125_flipped_rotated
train,derecha,Fas6_00000000
train,derecha,Pablo_Plaza_RGB00000087_flipped
train,derecha,galan00000121_rotated
train,derecha,Feans_Pedro_RGB00000125_flipped
train,derecha,Feans_2_RGB00000153_flipped
train,derecha,Fas5_00000077_flipped
train,derecha,Fas2_00000161_rotated
train,derecha,Fas1_00000133
train,derecha,Fas1_00000067_flipped
train,derecha,Fas2_00000101_rotated
train,derecha,Edu_derecha3_RGB
train,derecha,Feans_1_RGB00000000_flipped
train,derecha,Feans_2_RGB00000096
train,derecha,Fas5_00000077_rotated
train,derecha,Alex_Pita_RGB00000033_flipped_rotated
train,derecha,Alex_Pita_RGB00000107_flipped
train,derecha,Deber00000049_flipped_rotated
train,derecha,Fas2_00000000_rotated
train,derecha,Anton00000129_flipped_rotated
train,derecha,Fas8_00000114_flipped_rotated
train,derecha,Feans_Fran_RGB00000069_flipped_rotated
train,derecha,Alex_Pita_RGB00000000
train,derecha,Pablo_Plaza_RGB00000087_flipped_rotated
train,derecha,Fas7_00000000
train,derecha,Feans_Fran_RGB00000142_flipped
train,derecha,Feans_Pedro_RGB00000125
train,derecha,Fas8_00000000_rotated
train,derecha,Fas1_00000067_rotated
train,derecha,Fas4_00000121_rotated
train,derecha,Anton00000073_flipped
train,derecha,Merchi_RGB00000000
train,derecha,Feans_Fran_RGB00000069_flipped
train,derecha,Fas2_00000101_flipped_rotated
train,derecha,Alex_Pita_RGB00000000_flipped_rotated
train,derecha,Deber00000049
train,derecha,Feans_1_RGB00000105
train,derecha,Fas3_00000156_flipped
train,derecha,Pablo_Plaza_RGB00000000_flipped_rotated
train,derecha,Feans_1_RGB00000105_rotated
train,derecha,Merchi_RGB00000182_rotated
train,derecha,Edu_derecha1_RGB_flipped_rotated
train,derecha,Feans_2_RGB00000096_rotated
train,derecha,Fas6_00000194
train,derecha,Fas8_00000055_rotated
train,derecha,Fas7_00000117
train,derecha,Fas4_00000061_flipped
train,derecha,Pablo_Plaza_RGB00000000_rotated
train,derecha,Fas8_00000055_flipped_rotated
train,derecha,galan00000065_rotated
train,derecha,Fas3_00000000_flipped
train,derecha,Lucas00000072
train,derecha,Fas6_00000081_flipped
train,derecha,Feans_2_RGB00000153_rotated
train,derecha,Deber00000093_rotated
train,derecha,Fas8_00000114_rotated
train,derecha,Edu_derecha3_RGB_flipped_rotated
train,derecha,Deber00000049_rotated
train,derecha,Pablo_Plaza_RGB00000173_flipped_rotated
train,derecha,Edu_derecha1_RGB_rotated
train,derecha,Feans_Pedro_RGB00000000_flipped_rotated
train,derecha,Fas5_00000000_flipped_rotated
train,derecha,Feans_2_RGB00000153
train,derecha,Deber00000093_flipped
train,derecha,Edu_derecha3_RGB_flipped
train,derecha,Fas4_00000000
train,derecha,Feans_Pedro_RGB00000065
train,derecha,Lucas00000072_rotated
train,derecha,Fas2_00000161_flipped
train,derecha,Merchi_RGB00000182_flipped_rotated
train,derecha,Fas3_00000088_rotated
train,derecha,Fas6_00000194_rotated
train,derecha,Pablo_Plaza_RGB00000087
train,derecha,Feans_Fran_RGB00000000_rotated
train,derecha,Anton00000000_flipped_rotated
train,derecha,Fas1_00000133_flipped_rotated
train,derecha,galan00000065_flipped
train,derecha,Fas8_00000000
train,derecha,Martin00000000_flipped_rotated
train,derecha,Alex_Pita_RGB00000107
train,derecha,Martin00000098_flipped_rotated
train,derecha,Fas6_00000081_flipped_rotated
train,derecha,Fas1_00000000_flipped_rotated
train,derecha,Feans_2_RGB00000096_flipped_rotated
train,derecha,Fas7_00000000_rotated
train,derecha,Fas3_00000088
train,derecha,Fas4_00000121
train,derecha,Lucas00000138_rotated
train,derecha,Fas6_00000194_flipped_rotated
train,derecha,Fas5_00000077
train,derecha,Alex_Pita_RGB00000000_flipped
train,derecha,Feans_1_RGB00000000_rotated
train,derecha,Alex_Pita_RGB00000033_flipped
train,derecha,Fas8_00000000_flipped_rotated
train,derecha,Martin00000098
train,derecha,Fas8_00000000_flipped
train,derecha,Anton00000000
train,derecha,Fas3_00000156
train,derecha,Fas7_00000000_flipped_rotated
train,derecha,Fas2_00000101
train,derecha,Feans_1_RGB00000060_flipped
train,derecha,Feans_2_RGB00000153_flipped_rotated
train,derecha,Fas6_00000000_rotated
train,derecha,Feans_Fran_RGB00000142_flipped_rotated
train,derecha,Martin00000098_rotated
train,derecha,Feans_Fran_RGB00000142_rotated
train,derecha,galan00000065_flipped_rotated
train,derecha,Fas6_00000081_rotated
train,derecha,Merchi_RGB00000115
train,derecha,Edu_derecha2_RGB_flipped
train,derecha,Fas5_00000142_rotated
train,derecha,Fas2_00000000_flipped
train,derecha,Fas1_00000000
train,derecha,Feans_Fran_RGB00000142
train,derecha,Feans_Pedro_RGB00000000_rotated
train,derecha,Fas5_00000142_flipped
train,derecha,Anton00000129_rotated
train,derecha,Feans_Pedro_RGB00000000
train,derecha,Alex_Pita_RGB00000000_rotated
train,derecha,Feans_Fran_RGB00000000
train,derecha,Alex_Pita_RGB00000107_rotated
train,derecha,Deber00000000_rotated
train,derecha,Fas2_00000161_flipped_rotated
train,derecha,Fas6_00000194_flipped
train,derecha,Feans_Fran_RGB00000000_flipped
train,derecha,Lucas00000000_flipped_rotated
train,derecha,Feans_2_RGB00000096_flipped
train,derecha,Merchi_RGB00000182_flipped
train,derecha,Fas4_00000121_flipped
train,derecha,galan00000000_rotated
train,derecha,Anton00000129
train,derecha,Martin00000050_flipped_rotated
train,derecha,Fas1_00000133_flipped
train,derecha,Lucas00000138
train,derecha,Pablo_Plaza_RGB00000173
train,derecha,Anton00000073_rotated
train,derecha,Fas5_00000000
train,derecha,Feans_1_RGB00000060_flipped_rotated
train,derecha,Feans_2_RGB00000000_flipped
train,derecha,Feans_Pedro_RGB00000065_flipped_rotated
train,derecha,Feans_Pedro_RGB00000065_rotated
train,derecha,Deber00000093
train,derecha,Edu_derecha1_RGB_flipped
train,derecha,Lucas00000138_flipped
train,derecha,Anton00000073_flipped_rotated
train,derecha,Fas5_00000142
train,derecha,galan00000121_flipped_rotated
train,derecha,Fas3_00000156_flipped_rotated
train,derecha,Pablo_Plaza_RGB00000000_flipped
train,derecha,Fas8_00000114_flipped
train,derecha,Feans_1_RGB00000060
train,derecha,Martin00000050_flipped
train,derecha,Fas7_00000061_flipped
train,derecha,Feans_1_RGB00000105_flipped_rotated
train,derecha,Lucas00000000_flipped
train,derecha,Fas3_00000000_flipped_rotated
train,derecha,Deber00000049_flipped
train,derecha,Fas4_00000000_rotated
train,derecha,Martin00000098_flipped
train,derecha,Fas4_00000121_flipped_rotated
train,derecha,Fas2_00000101_flipped
train,derecha,Merchi_RGB00000182
train,derecha,Feans_1_RGB00000105_flipped
train,derecha,Fas4_00000000_flipped
train,derecha,galan00000000_flipped_rotated
train,derecha,Martin00000000
train,derecha,Martin00000000_flipped
train,derecha,Fas8_00000055_flipped
train,derecha,Edu_derecha2_RGB_flipped_rotated
train,derecha,Edu_derecha2_RGB_rotated
train,derecha,Martin00000050
train,derecha,Anton00000129_flipped
validation,derecha,Alex_Pita_RGB00000107_flipped_rotated
validation,derecha,Feans_Pedro_RGB00000065_flipped
validation,derecha,Anton00000073
validation,derecha,Fas2_00000000
validation,derecha,Lucas00000072_flipped
validation,derecha,galan00000065
validation,derecha,Fas7_00000061
validation,derecha,Fas8_00000055
validation,derecha,Feans_Fran_RGB00000069_rotated
validation,derecha,Pablo_Plaza_RGB00000173_rotated
validation,derecha,Fas8_00000114
validation,derecha,Fas5_00000000_flipped
validation,derecha,Deber00000000
validation,derecha,Pablo_Plaza_RGB00000087_rotated
validation,derecha,Fas2_00000161
validation,derecha,Fas1_00000067_flipped_rotated
validation,derecha,Fas6_00000000_flipped
validation,derecha,Fas4_00000000_flipped_rotated
validation,derecha,Deber00000093_flipped_rotated
validation,derecha,galan00000121
validation,derecha,Feans_1_RGB00000000
validation,derecha,Lucas00000000_rotated
validation,derecha,Merchi_RGB00000115_flipped
validation,derecha,Martin00000000_rotated
validation,derecha,Fas1_00000000_rotated
test,derecha,Edu_derecha2_RGB
test,derecha,Merchi_RGB00000115_flipped_rotated
test,derecha,Fas3_00000000
test,derecha,Fas5_00000077_flipped_rotated
test,derecha,Martin00000050_rotated
test,derecha,Feans_2_RGB00000000
test,derecha,Fas3_00000156_rotated
test,derecha,Alex_Pita_RGB00000033
test,derecha,Fas7_00000061_rotated
test,derecha,Fas7_00000117_flipped
test,derecha,Fas3_00000000_rotated
test,derecha,Fas5_00000000_rotated
test,derecha,Feans_Fran_RGB00000000_flipped_rotated
test,derecha,Pablo_Plaza_RGB00000000
test,derecha,Deber00000000_flipped_rotated
test,derecha,Fas7_00000061_flipped_rotated
test,derecha,Fas1_00000000_flipped
test,derecha,Feans_1_RGB00000060_rotated
test,derecha,Fas6_00000000_flipped_rotated
test,derecha,Merchi_RGB00000000_flipped
test,derecha,Feans_Fran_RGB00000069
test,derecha,Feans_1_RGB00000000_flipped_rotated
test,derecha,Fas1_00000067
test,derecha,Deber00000000_flipped
test,derecha,Fas4_00000061
train,remate,Feans_Fran_RGB00001928_flipped_rotated
train,remate,Alex_Pita_RGB00002274_rotated
train,remate,Deber00001539_rotated
train,remate,Anton00002541_flipped_rotated
train,remate,galan00001484_rotated
train,remate,Alex_Pita_RGB00002274
train,remate,Pablo_Plaza_RGB00002156
train,remate,Merchi_RGB00001211_rotated
train,remate,Alex_Pita_RGB00002174_flipped
train,remate,Lucas00002002_flipped_rotated
train,remate,Fas1_00002089
train,remate,Feans_Fran_RGB00002029
train,remate,Merchi_RGB00001146_flipped
train,remate,Anton00002630
train,remate,Feans_2_RGB00001982_flipped
train,remate,Lucas00002097_rotated
train,remate,Pablo_Plaza_RGB00002069_flipped
train,remate,Martin00001540
train,remate,Fas4_00001093
train,remate,Feans_Pedro_RGB00001178_rotated
train,remate,Fas7_00001599_flipped
train,remate,Feans_1_RGB00001589_flipped
train,remate,Feans_Fran_RGB00002127
train,remate,Fas8_00001584_flipped
train,remate,galan00001545
train,remate,Feans_2_RGB00001888_flipped
train,remate,Feans_Pedro_RGB00001178
train,remate,Fas8_00001730
train,remate,Pablo_Plaza_RGB00002225_flipped
train,remate,Feans_Pedro_RGB00001231
train,remate,Fas6_00003045
train,remate,Lucas00002002_flipped
train,remate,Martin00001618_flipped
train,remate,Fas1_00002275_flipped_rotated
train,remate,Lucas00001908
train,remate,Merchi_RGB00001211
train,remate,Fas5_00001797_rotated
train,remate,Deber00001598
train,remate,Feans_1_RGB00001678_flipped_rotated
train,remate,Anton00002630_rotated
train,remate,Feans_2_RGB00001888_rotated
train,remate,Fas8_00001651_flipped_rotated
train,remate,Fas6_00003346_rotated
train,remate,Deber00001598_flipped
train,remate,Feans_Pedro_RGB00001285_rotated
train,remate,Feans_Fran_RGB00002127_rotated
train,remate,Fas2_00001303
train,remate,Edu_RGB00002073_flipped_rotated
train,remate,galan00001484
train,remate,Fas6_00003450
train,remate,Fas3_00002300_flipped_rotated
train,remate,Feans_1_RGB00001483_rotated
train,remate,Feans_2_RGB00001982
train,remate,Martin00001458
train,remate,Fas7_00001529_rotated
train,remate,galan00001423_flipped_rotated
train,remate,Alex_Pita_RGB00002174_rotated
train,remate,Fas6_00003346_flipped_rotated
train,remate,Fas4_00001152
train,remate,Pablo_Plaza_RGB00002156_rotated
train,remate,Edu_RGB00002243_flipped_rotated
train,remate,Fas1_00002089_flipped_rotated
train,remate,Feans_2_RGB00001888_flipped_rotated
train,remate,Fas1_00002089_rotated
train,remate,Feans_Pedro_RGB00001231_flipped
train,remate,Martin00001540_rotated
train,remate,Fas5_00001733_rotated
train,remate,Fas7_00001529
train,remate,Fas4_00001093_flipped
train,remate,Fas8_00001651
train,remate,Edu_RGB00002160_flipped
train,remate,Fas7_00001529_flipped
train,remate,Martin00001618
train,remate,Fas3_00002229_flipped_rotated
train,remate,Feans_2_RGB00002046
train,remate,Fas8_00001584
train,remate,Fas4_00001152_rotated
train,remate,Edu_RGB00002243_rotated
train,remate,Lucas00002097_flipped
train,remate,Alex_Pita_RGB00002274_flipped
train,remate,Anton00002630_flipped
train,remate,Edu_RGB00002073_flipped
train,remate,galan00001484_flipped_rotated
train,remate,Martin00001458_flipped_rotated
train,remate,Fas3_00002161
train,remate,Fas4_00001210_flipped
train,remate,Fas6_00003450_flipped
train,remate,Feans_2_RGB00001982_flipped_rotated
train,remate,Feans_Pedro_RGB00001285
train,remate,Fas4_00001210
train,remate,Fas1_00002089_flipped
train,remate,Fas3_00002161_flipped
train,remate,Fas6_00003045_rotated
train,remate,Merchi_RGB00001268_flipped
train,remate,Fas1_00002186_flipped
train,remate,Fas2_00001303_flipped_rotated
train,remate,Feans_Fran_RGB00001928
train,remate,Fas5_00001872_rotated
train,remate,Merchi_RGB00001211_flipped_rotated
train,remate,galan00001545_flipped_rotated
train,remate,Fas4_00001093_rotated
train,remate,Fas8_00001651_flipped
train,remate,Fas7_00001599_rotated
train,remate,Fas6_00003450_rotated
train,remate,galan00001423_rotated
train,remate,Deber00001662_flipped_rotated
train,remate,Feans_1_RGB00001589_flipped_rotated
train,remate,Fas2_00001448_flipped
train,remate,Feans_Pedro_RGB00001285_flipped_rotated
train,remate,Edu_RGB00002073
train,remate,Martin00001540_flipped
train,remate,Deber00001539_flipped_rotated
train,remate,Deber00001662_flipped
train,remate,Pablo_Plaza_RGB00002069
train,remate,Feans_Fran_RGB00002029_flipped
train,remate,Fas3_00002229_flipped
train,remate,Lucas00001908_flipped_rotated
train,remate,Alex_Pita_RGB00002066_rotated
train,remate,Pablo_Plaza_RGB00002225_rotated
train,remate,Fas3_00002161_flipped_rotated
train,remate,galan00001423
train,remate,Fas2_00001380_rotated
train,remate,Deber00001539
train,remate,Pablo_Plaza_RGB00002069_rotated
train,remate,Alex_Pita_RGB00002066
train,remate,Fas7_00001661_flipped
train,remate,Feans_Fran_RGB00002127_flipped_rotated
train,remate,Feans_Fran_RGB00001928_flipped
train,remate,Fas2_00001303_rotated
train,remate,Fas2_00001448_rotated
train,remate,Fas3_00002161_rotated
train,remate,Feans_1_RGB00001678_flipped
train,remate,Fas5_00001872
train,remate,Fas8_00001730_flipped_rotated
train,remate,Deber00001598_flipped_rotated
train,remate,Fas1_00002186_flipped_rotated
train,remate,Martin00001458_rotated
train,remate,Merchi_RGB00001146_rotated
train,remate,Merchi_RGB00001146
train,remate,Fas3_00002300_rotated
train,remate,galan00001484_flipped
train,remate,Martin00001618_flipped_rotated
train,remate,Fas6_00003045_flipped_rotated
train,remate,Fas5_00001733_flipped
train,remate,Lucas00001908_rotated
train,remate,Fas6_00003346_flipped
train,remate,Anton00002712
train,remate,Merchi_RGB00001146_flipped_rotated
train,remate,Feans_Fran_RGB00002029_flipped_rotated
train,remate,Fas2_00001448
train,remate,Deber00001539_flipped
train,remate,Fas2_00001380_flipped
train,remate,Anton00002712_rotated
train,remate,Fas8_00001584_flipped_rotated
train,remate,Alex_Pita_RGB00002274_flipped_rotated
train,remate,Fas8_00001651_rotated
train,remate,Feans_Pedro_RGB00001178_flipped
train,remate,Feans_Fran_RGB00001928_rotated
train,remate,Fas5_00001733_flipped_rotated
train,remate,Fas4_00001152_flipped
train,remate,Fas5_00001797
train,remate,Lucas00001908_flipped
train,remate,Anton00002541_flipped
train,remate,Feans_1_RGB00001483_flipped
train,remate,Fas1_00002186_rotated
train,remate,Fas6_00003045_flipped
train,remate,Fas2_00001380
train,remate,Edu_RGB00002073_rotated
train,remate,Martin00001458_flipped
train,remate,Fas5_00001733
train,remate,Merchi_RGB00001268_rotated
train,remate,Fas7_00001661_rotated
train,remate,Feans_1_RGB00001678_rotated
train,remate,Deber00001598_rotated
train,remate,Anton00002712_flipped
train,remate,Feans_1_RGB00001678
train,remate,Fas6_00003450_flipped_rotated
train,remate,Edu_RGB00002160_flipped_rotated
train,remate,Fas4_00001210_rotated
train,remate,Fas8_00001730_flipped
train,remate,galan00001545_flipped
train,remate,Merchi_RGB00001268
train,remate,Fas3_00002229
train,remate,Fas3_00002229_rotated
train,remate,Fas1_00002186
train,remate,Feans_Pedro_RGB00001285_flipped
train,remate,Edu_RGB00002160
train,remate,Fas4_00001210_flipped_rotated
train,remate,galan00001423_flipped
train,remate,Fas7_00001661_flipped_rotated
train,remate,Anton00002630_flipped_rotated
train,remate,Anton00002541
train,remate,Fas1_00002275
train,remate,Pablo_Plaza_RGB00002069_flipped_rotated
train,remate,Martin00001618_rotated
train,remate,Feans_2_RGB00002046_rotated
train,remate,Feans_Pedro_RGB00001231_flipped_rotated
train,remate,Martin00001540_flipped_rotated
train,remate,Fas8_00001730_rotated
train,remate,Pablo_Plaza_RGB00002225
train,remate,Fas5_00001872_flipped
train,remate,Feans_Pedro_RGB00001178_flipped_rotated
validation,remate,Lucas00002002
validation,remate,Fas7_00001529_flipped_rotated
validation,remate,Lucas00002002_rotated
validation,remate,Fas7_00001599_flipped_rotated
validation,remate,Fas3_00002300
validation,remate,Fas2_00001303_flipped
validation,remate,Fas1_00002275_flipped
validation,remate,Feans_Pedro_RGB00001231_rotated
validation,remate,Feans_2_RGB00001982_rotated
validation,remate,Feans_Fran_RGB00002029_rotated
validation,remate,Fas6_00003346
validation,remate,Feans_2_RGB00002046_flipped_rotated
validation,remate,Fas7_00001661
validation,remate,Fas3_00002300_flipped
validation,remate,Fas8_00001584_rotated
validation,remate,Edu_RGB00002243_flipped
validation,remate,Alex_Pita_RGB00002066_flipped
validation,remate,Pablo_Plaza_RGB00002156_flipped
validation,remate,Fas1_00002275_rotated
validation,remate,Anton00002712_flipped_rotated
validation,remate,Feans_2_RGB00001888
validation,remate,Edu_RGB00002243
validation,remate,Fas5_00001797_flipped_rotated
validation,remate,Feans_1_RGB00001483
validation,remate,Pablo_Plaza_RGB00002225_flipped_rotated
test,remate,Fas2_00001448_flipped_rotated
test,remate,Lucas00002097
test,remate,Pablo_Plaza_RGB00002156_flipped_rotated
test,remate,Merchi_RGB00001211_flipped
test,remate,Deber00001662
test,remate,Feans_1_RGB00001589_rotated
test,remate,Deber00001662_rotated
test,remate,Feans_1_RGB00001589
test,remate,Fas4_00001152_flipped_rotated
test,remate,Feans_Fran_RGB00002127_flipped
test,remate,Anton00002541_rotated
test,remate,Alex_Pita_RGB00002174
test,remate,Feans_1_RGB00001483_flipped_rotated
test,remate,Fas5_00001872_flipped_rotated
test,remate,Merchi_RGB00001268_flipped_rotated
test,remate,Feans_2_RGB00002046_flipped
test,remate,galan00001545_rotated
test,remate,Alex_Pita_RGB00002174_flipped_rotated
test,remate,Fas7_00001599
test,remate,Fas2_00001380_flipped_rotated
test,remate,Edu_RGB00002160_rotated
test,remate,Fas4_00001093_flipped_rotated
test,remate,Lucas00002097_flipped_rotated
test,remate,Fas5_00001797_flipped
test,remate,Alex_Pita_RGB00002066_flipped_rotated
train,reves,Feans_Fran_RGB00000289
train,reves,reves_1_RGB_flipped_rotated
train,reves,Feans_2_RGB00000205_flipped
train,reves,Fas7_00000160
train,reves,Lucas00000198_flipped
train,reves,Anton00000349_flipped
train,reves,Feans_2_RGB00000265_flipped
train,reves,Deber00000219
train,reves,galan00000173
train,reves,Lucas00000290_rotated
train,reves,Pablo_Plaza_RGB00000249_rotated
train,reves,Fas7_00000160_flipped
train,reves,Feans_Pedro_RGB00000227_rotated
train,reves,Feans_1_RGB00000154_flipped
train,reves,Feans_Fran_RGB00000359_flipped
train,reves,Fas5_00000754_flipped_rotated
train,reves,Fas5_00000754_flipped
train,reves,Fas5_00000277
train,reves,Deber00000219_rotated
train,reves,Fas7_00000208_flipped
train,reves,Fas1_00000325_flipped
train,reves,Feans_1_RGB00000154
train,reves,Fas8_00000210_rotated
train,reves,Alex_Pita_RGB00000187_flipped_rotated
train,reves,Lucas00000353_flipped_rotated
train,reves,Martin00000240_flipped
train,reves,galan00000224_flipped_rotated
train,reves,Anton00000194_flipped
train,reves,Fas1_00000199_rotated
train,reves,Feans_1_RGB00000269_flipped
train,reves,Feans_2_RGB00000265_rotated
train,reves,Fas1_00000325_flipped_rotated
train,reves,Alex_Pita_RGB00000334_flipped
train,reves,Alex_Pita_RGB00000259_flipped_rotated
train,reves,Fas7_00000208_rotated
train,reves,Lucas00000198
train,reves,Fas5_00000754
train,reves,Pablo_Plaza_RGB00000337_rotated
train,reves,Reves_3_RGB_flipped
train,reves,Pablo_Plaza_RGB00000249_flipped
train,reves,Fas3_00000293_flipped
train,reves,Martin00000145_flipped_rotated
train,reves,Fas3_00000293
train,reves,Deber00000141_flipped_rotated
train,reves,galan00000173_rotated
train,reves,Merchi_RGB00000305_flipped_rotated
train,reves,Feans_2_RGB00000205_flipped_rotated
train,reves,Fas3_00000359_rotated
train,reves,Fas6_00000295_rotated
train,reves,Martin00000204_rotated
train,reves,Fas8_00000263_flipped
train,reves,Fas5_00000338_rotated
train,reves,Reves_3_RGB_flipped_rotated
train,reves,Anton00000349_flipped_rotated
train,reves,Fas5_00000754_rotated
train,reves,Fas4_00000285
train,reves,Reves_2_RGB_flipped
train,reves,Pablo_Plaza_RGB00000249
train,reves,Lucas00000353_rotated
train,reves,Fas7_00000269_rotated
train,reves,Reves_2_RGB
train,reves,Feans_Pedro_RGB00000227_flipped_rotated
train,reves,Feans_Fran_RGB00000216_rotated
train,reves,Fas7_00000208
train,reves,Deber00000268_flipped_rotated
train,reves,galan00000287_flipped
train,reves,Fas6_00000415_flipped_rotated
train,reves,Fas8_00000210
train,reves,Fas4_00000175_flipped
train,reves,Merchi_RGB00000359_flipped
train,reves,Feans_2_RGB00000321_flipped_rotated
train,reves,Fas7_00000160_flipped_rotated
train,reves,Fas7_00000269
train,reves,Fas8_00000263
train,reves,Feans_1_RGB00000269
train,reves,Feans_1_RGB00000215_flipped
train,reves,Anton00000194_rotated
train,reves,Feans_Pedro_RGB00000273_rotated
train,reves,Martin00000204_flipped_rotated
train,reves,Fas5_00000277_flipped
train,reves,Feans_Fran_RGB00000289_flipped_rotated
train,reves,Fas5_00000338_flipped
train,reves,Feans_Pedro_RGB00000227
train,reves,Alex_Pita_RGB00000259
train,reves,Fas5_00000625_flipped_rotated
train,reves,Fas1_00000199_flipped_rotated
train,reves,Fas4_00000285_rotated
train,reves,Reves_3_RGB_rotated
train,reves,Feans_Fran_RGB00000289_flipped
train,reves,Anton00000285
train,reves,Deber00000268
train,reves,galan00000224_flipped
train,reves,Martin00000204_flipped
train,reves,Feans_Pedro_RGB00000273_flipped_rotated
train,reves,Lucas00000290_flipped_rotated
train,reves,Merchi_RGB00000241_rotated
train,reves,Lucas00000353_flipped
train,reves,Martin00000240
train,reves,Feans_1_RGB00000154_flipped_rotated
train,reves,Alex_Pita_RGB00000187_rotated
train,reves,Merchi_RGB00000241
train,reves,galan00000173_flipped_rotated
train,reves,Fas5_00000625_flipped
train,reves,Anton00000349
train,reves,Fas2_00000213_rotated
train,reves,Merchi_RGB00000359_flipped_rotated
train,reves,Fas1_00000199
train,reves,Fas4_00000175_flipped_rotated
train,reves,Fas6_00000295
train,reves,Fas2_00000213_flipped
train,reves,Fas1_00000265
train,reves,Feans_2_RGB00000321
train,reves,Fas6_00000295_flipped
train,reves,Alex_Pita_RGB00000187
train,reves,Reves_2_RGB_flipped_rotated
train,reves,Alex_Pita_RGB00000187_flipped
train,reves,Feans_1_RGB00000215_flipped_rotated
train,reves,Alex_Pita_RGB00000334_flipped_rotated
train,reves,Lucas00000198_rotated
train,reves,Fas6_00000507
train,reves,Feans_1_RGB00000215_rotated
train,reves,Fas4_00000175_rotated
train,reves,Feans_Pedro_RGB00000227_flipped
train,reves,galan00000173_flipped
train,reves,Deber00000268_flipped
train,reves,Lucas00000290_flipped
train,reves,Fas2_00000359_flipped
train,reves,Fas2_00000292_flipped_rotated
train,reves,Fas5_00000625_rotated
train,reves,Fas6_00000507_flipped_rotated
train,reves,Fas4_00000175
train,reves,Merchi_RGB00000305_flipped
train,reves,Fas8_00000210_flipped
train,reves,Martin00000145_flipped
train,reves,Fas5_00000625
train,reves,Fas6_00000415_rotated
train,reves,Feans_1_RGB00000154_rotated
train,reves,Lucas00000198_flipped_rotated
train,reves,Feans_2_RGB00000321_flipped
train,reves,galan00000224
train,reves,Deber00000141
train,reves,galan00000287_flipped_rotated
train,reves,Deber00000219_flipped_rotated
train,reves,Reves_3_RGB
train,reves,Fas5_00000205_rotated
train,reves,Martin00000240_rotated
train,reves,Merchi_RGB00000305_rotated
train,reves,Feans_Fran_RGB00000289_rotated
train,reves,Alex_Pita_RGB00000334
train,reves,Fas2_00000292_rotated
train,reves,Pablo_Plaza_RGB00000425_flipped_rotated
train,reves,Anton00000194_flipped_rotated
train,reves,Alex_Pita_RGB00000334_rotated
train,reves,Fas1_00000325_rotated
train,reves,Deber00000141_flipped
train,reves,Fas7_00000208_flipped_rotated
train,reves,Fas4_00000285_flipped_rotated
train,reves,Fas5_00000689_flipped
train,reves,Fas2_00000359_flipped_rotated
train,reves,Deber00000141_rotated
train,reves,Merchi_RGB00000241_flipped
train,reves,Fas4_00000231_flipped_rotated
train,reves,Fas2_00000292
train,reves,Deber00000219_flipped
train,reves,Fas3_00000225_flipped
train,reves,galan00000287_rotated
train,reves,Fas4_00000231_rotated
train,reves,Fas5_00000338
train,reves,Fas6_00000415
train,reves,Feans_Fran_RGB00000216_flipped_rotated
train,reves,reves_1_RGB_rotated
train,reves,Pablo_Plaza_RGB00000337_flipped
train,reves,Fas8_00000164_flipped_rotated
train,reves,Fas6_00000507_flipped
train,reves,Fas3_00000293_rotated
train,reves,Feans_1_RGB00000269_rotated
train,reves,Fas1_00000199_flipped
train,reves,Feans_Fran_RGB00000359_rotated
train,reves,Pablo_Plaza_RGB00000425_rotated
train,reves,Feans_1_RGB00000215
train,reves,Pablo_Plaza_RGB00000425_flipped
train,reves,Feans_2_RGB00000265
train,reves,Anton00000285_flipped_rotated
train,reves,Fas2_00000213
train,reves,Merchi_RGB00000241_flipped_rotated
train,reves,Fas3_00000225_rotated
train,reves,Fas6_00000295_flipped_rotated
train,reves,Fas4_00000285_flipped
train,reves,Fas5_00000689_rotated
train,reves,Feans_2_RGB00000205_rotated
train,reves,Alex_Pita_RGB00000259_rotated
train,reves,Feans_Fran_RGB00000216_flipped
train,reves,Fas3_00000225_flipped_rotated
train,reves,Feans_Pedro_RGB00000177
train,reves,galan00000224_rotated
train,reves,galan00000287
train,reves,Fas2_00000359
train,reves,Feans_Pedro_RGB00000177_rotated
train,reves,Fas5_00000205
train,reves,Merchi_RGB00000305
train,reves,Fas3_00000293_flipped_rotated
train,reves,Fas7_00000160_rotated
train,reves,Fas1_00000325
train,reves,Pablo_Plaza_RGB00000337_flipped_rotated
train,reves,Fas8_00000263_rotated
train,reves,Fas5_00000689
train,reves,Fas2_00000359_rotated
train,reves,Feans_Pedro_RGB00000273_flipped
train,reves,Feans_2_RGB00000205
train,reves,Fas5_00000277_rotated
train,reves,Fas3_00000359_flipped
validation,reves,Martin00000204
validation,reves,Lucas00000290
validation,reves,Feans_Pedro_RGB00000177_flipped_rotated
validation,reves,Martin00000145_rotated
validation,reves,Feans_2_RGB00000321_rotated
validation,reves,Fas4_00000231
validation,reves,Fas1_00000265_rotated
validation,reves,Anton00000194
validation,reves,Feans_Pedro_RGB00000273
validation,reves,Fas8_00000263_flipped_rotated
validation,reves,Fas7_00000269_flipped_rotated
validation,reves,Fas6_00000507_rotated
validation,reves,Fas5_00000338_flipped_rotated
validation,reves,reves_1_RGB
validation,reves,Fas8_00000164_flipped
validation,reves,Lucas00000353
validation,reves,Feans_Fran_RGB00000359_flipped_rotated
validation,reves,Anton00000285_rotated
validation,reves,reves_1_RGB_flipped
validation,reves,Fas3_00000359
validation,reves,Fas5_00000205_flipped
validation,reves,Martin00000240_flipped_rotated
validation,reves,Fas3_00000225
validation,reves,Merchi_RGB00000359
validation,reves,Fas8_00000164_rotated
validation,reves,Fas2_00000292_flipped
test,reves,Fas4_00000231_flipped
test,reves,Feans_1_RGB00000269_flipped_rotated
test,reves,Fas3_00000359_flipped_rotated
test,reves,Pablo_Plaza_RGB00000337
test,reves,Feans_2_RGB00000265_flipped_rotated
test,reves,Fas5_00000689_flipped_rotated
test,reves,Reves_2_RGB_rotated
test,reves,Feans_Fran_RGB00000359
test,reves,Fas1_00000265_flipped
test,reves,Pablo_Plaza_RGB00000249_flipped_rotated
test,reves,Feans_Pedro_RGB00000177_flipped
test,reves,Fas7_00000269_flipped
test,reves,Fas1_00000265_flipped_rotated
test,reves,Alex_Pita_RGB00000259_flipped
test,reves,Fas6_00000415_flipped
test,reves,Feans_Fran_RGB00000216
test,reves,Anton00000285_flipped
test,reves,Fas5_00000277_flipped_rotated
test,reves,Deber00000268_rotated
test,reves,Martin00000145
test,reves,Fas2_00000213_flipped_rotated
test,reves,Fas8_00000210_flipped_rotated
test,reves,Anton00000349_rotated
test,reves,Merchi_RGB00000359_rotated
test,reves,Fas5_00000205_flipped_rotated
test,reves,Pablo_Plaza_RGB00000425
test,reves,Fas8_00000164
train,salidaD,Fas3_00000684_rotated
train,salidaD,Fas5_00000411
train,salidaD,Martin00000450_flipped
train,salidaD,Martin00000450_rotated
train,salidaD,Edu_RGB00000654_rotated
train,salidaD,Merchi_RGB00000480_flipped
train,salidaD,Edu_RGB00000654_flipped
train,salidaD,Fas8_00000440
train,salidaD,Fas8_00000377_flipped_rotated
train,salidaD,Martin00000339_flipped
train,salidaD,Pablo_Plaza_RGB00000665_rotated
train,salidaD,Alex_Pita_RGB00000513_flipped_rotated
train,salidaD,Feans_Fran_RGB00000572
train,salidaD,Fas8_00000314_rotated
train,salidaD,Fas4_00000341_flipped
train,salidaD,Fas7_00000389_rotated
train,salidaD,Fas1_00000646_rotated
train,salidaD,Fas8_00000377_rotated
train,salidaD,Feans_Fran_RGB00000435
train,salidaD,Fas7_00000389
train,salidaD,Fas6_00000831_rotated
train,salidaD,Anton00000481_flipped
train,salidaD,Alex_Pita_RGB00000513
train,salidaD,Feans_Pedro_RGB00000417_rotated
train,salidaD,Fas2_00000782_flipped_rotated
train,salidaD,Alex_Pita_RGB00000449_rotated
train,salidaD,galan00000345_rotated
train,salidaD,Feans_2_RGB00000733_flipped
train,salidaD,Feans_2_RGB00000665_flipped_rotated
train,salidaD,Fas1_00000556_flipped
train,salidaD,Martin00000398_flipped_rotated
train,salidaD,Fas7_00000389_flipped_rotated
train,salidaD,Edu_RGB00000764
train,salidaD,Feans_Pedro_RGB00000417_flipped
train,salidaD,Merchi_RGB00000542
train,salidaD,Lucas00000517_flipped
train,salidaD,Pablo_Plaza_RGB00000593_flipped
train,salidaD,Fas1_00000466_flipped_rotated
train,salidaD,galan00000409
train,salidaD,Feans_Fran_RGB00000505
train,salidaD,Fas6_00000831_flipped
train,salidaD,Anton00000569_flipped_rotated
train,salidaD,Fas4_00000389_rotated
train,salidaD,Martin00000339_flipped_rotated
train,salidaD,Anton00000643_rotated
train,salidaD,Feans_Fran_RGB00000435_flipped
train,salidaD,Feans_1_RGB00000321
train,salidaD,Lucas00000589
train,salidaD,Fas6_00000729_flipped
train,salidaD,Martin00000339
train,salidaD,Fas3_00000598
train,salidaD,Fas2_00000718_rotated
train,salidaD,galan00000345
train,salidaD,Alex_Pita_RGB00000598_flipped_rotated
train,salidaD,Fas1_00000466_flipped
train,salidaD,Deber00000489_rotated
train,salidaD,Fas2_00000632
train,salidaD,Fas8_00000440_flipped
train,salidaD,Martin00000398_flipped
train,salidaD,Feans_2_RGB00000796_flipped
train,salidaD,Pablo_Plaza_RGB00000665_flipped
train,salidaD,Anton00000569_rotated
train,salidaD,Fas7_00000321
train,salidaD,Edu_RGB00000537_rotated
train,salidaD,Fas4_00000389_flipped
train,salidaD,Fas4_00000445_rotated
train,salidaD,Fas6_00000729
train,salidaD,Merchi_RGB00000542_rotated
train,salidaD,Fas7_00000321_flipped
train,salidaD,Fas3_00000598_flipped
train,salidaD,Anton00000481_rotated
train,salidaD,Pablo_Plaza_RGB00000593_rotated
train,salidaD,Lucas00000589_flipped_rotated
train,salidaD,Feans_Fran_RGB00000505_rotated
train,salidaD,Feans_2_RGB00000796
train,salidaD,Alex_Pita_RGB00000449
train,salidaD,Fas1_00000646_flipped_rotated
train,salidaD,Edu_RGB00000764_flipped
train,salidaD,Alex_Pita_RGB00000513_flipped
train,salidaD,Fas5_00000484_flipped_rotated
train,salidaD,Feans_Fran_RGB00000505_flipped_rotated
train,salidaD,Lucas00000424_flipped
train,salidaD,Feans_1_RGB00000469_flipped
train,salidaD,Feans_2_RGB00000733_flipped_rotated
train,salidaD,galan00000462_flipped_rotated
train,salidaD,Feans_1_RGB00000406_flipped_rotated
train,salidaD,Fas6_00000597_rotated
train,salidaD,Feans_2_RGB00000665
train,salidaD,Fas1_00000466
train,salidaD,Fas8_00000314
train,salidaD,Alex_Pita_RGB00000449_flipped
train,salidaD,Feans_Pedro_RGB00000370_flipped_rotated
train,salidaD,Martin00000398_rotated
train,salidaD,galan00000345_flipped_rotated
train,salidaD,Feans_2_RGB00000665_flipped
train,salidaD,Feans_1_RGB00000406_rotated
train,salidaD,Fas2_00000632_flipped
train,salidaD,galan00000409_flipped
train,salidaD,Feans_Pedro_RGB00000319_flipped_rotated
train,salidaD,Edu_RGB00000764_flipped_rotated
train,salidaD,Feans_1_RGB00000469
train,salidaD,Fas1_00000646_flipped
train,salidaD,Fas1_00000556_flipped_rotated
train,salidaD,Deber00000423_flipped_rotated
train,salidaD,Fas2_00000632_rotated
train,salidaD,Feans_Pedro_RGB00000370_flipped
train,salidaD,Feans_Pedro_RGB00000319
train,salidaD,Lucas00000424_rotated
train,salidaD,Edu_RGB00000537
train,salidaD,Pablo_Plaza_RGB00000665
train,salidaD,Feans_Pedro_RGB00000319_rotated
train,salidaD,Feans_1_RGB00000469_flipped_rotated
train,salidaD,Merchi_RGB00000480_rotated
train,salidaD,Feans_1_RGB00000321_flipped
train,salidaD,Fas3_00000598_rotated
train,salidaD,Feans_Fran_RGB00000572_flipped_rotated
train,salidaD,Fas1_00000556_rotated
train,salidaD,Fas6_00000597_flipped_rotated
train,salidaD,Fas2_00000718_flipped
train,salidaD,Anton00000643_flipped_rotated
train,salidaD,Fas5_00000553_rotated
train,salidaD,Fas3_00000755_flipped_rotated
train,salidaD,Fas7_00000445_rotated
train,salidaD,Merchi_RGB00000413_rotated
train,salidaD,Fas5_00000484_flipped
train,salidaD,Alex_Pita_RGB00000598_flipped
train,salidaD,Fas6_00000597_flipped
train,salidaD,Feans_2_RGB00000733_rotated
train,salidaD,Feans_Fran_RGB00000435_flipped_rotated
train,salidaD,Pablo_Plaza_RGB00000513
train,salidaD,Martin00000450_flipped_rotated
train,salidaD,Deber00000349_rotated
train,salidaD,Fas2_00000782
train,salidaD,Deber00000349_flipped
train,salidaD,Feans_2_RGB00000665_rotated
train,salidaD,Fas5_00000553_flipped
train,salidaD,Edu_RGB00000764_rotated
train,salidaD,Deber00000423
train,salidaD,Feans_2_RGB00000733
train,salidaD,Fas1_00000646
train,salidaD,Feans_1_RGB00000469_rotated
train,salidaD,Edu_RGB00000537_flipped
train,salidaD,Merchi_RGB00000542_flipped
train,salidaD,Edu_RGB00000654_flipped_rotated
train,salidaD,Fas7_00000445_flipped
train,salidaD,Pablo_Plaza_RGB00000513_flipped_rotated
train,salidaD,Fas4_00000341_rotated
train,salidaD,Fas6_00000831_flipped_rotated
train,salidaD,Fas3_00000684_flipped_rotated
train,salidaD,Fas5_00000484_rotated
train,salidaD,galan00000462_flipped
train,salidaD,Fas4_00000445
train,salidaD,Martin00000450
train,salidaD,Feans_Fran_RGB00000435_rotated
train,salidaD,Merchi_RGB00000413_flipped
train,salidaD,Fas2_00000718
train,salidaD,galan00000345_flipped
train,salidaD,Fas7_00000389_flipped
train,salidaD,Feans_Fran_RGB00000572_flipped
train,salidaD,Anton00000481
train,salidaD,Deber00000489_flipped_rotated
train,salidaD,Pablo_Plaza_RGB00000593_flipped_rotated
train,salidaD,Lucas00000517_flipped_rotated
train,salidaD,Anton00000643
train,salidaD,Merchi_RGB00000542_flipped_rotated
train,salidaD,Fas4_00000445_flipped
train,salidaD,Fas6_00000831
train,salidaD,Fas7_00000321_flipped_rotated
train,salidaD,Fas2_00000782_rotated
train,salidaD,Fas6_00000729_rotated
train,salidaD,Anton00000569_flipped
train,salidaD,Feans_1_RGB00000321_flipped_rotated
train,salidaD,Merchi_RGB00000480_flipped_rotated
train,salidaD,Feans_Pedro_RGB00000319_flipped
train,salidaD,Lucas00000517_rotated
train,salidaD,Edu_RGB00000537_flipped_rotated
train,salidaD,Deber00000423_rotated
train,salidaD,Lucas00000589_flipped
train,salidaD,Alex_Pita_RGB00000449_flipped_rotated
train,salidaD,Merchi_RGB00000413
train,salidaD,galan00000409_rotated
train,salidaD,galan00000409_flipped_rotated
train,salidaD,Fas2_00000782_flipped
train,salidaD,Fas4_00000389_flipped_rotated
train,salidaD,Fas3_00000755_flipped
train,salidaD,Lucas00000424
train,salidaD,Fas5_00000553_flipped_rotated
train,salidaD,Pablo_Plaza_RGB00000513_rotated
train,salidaD,Fas8_00000377
train,salidaD,Feans_2_RGB00000796_flipped_rotated
train,salidaD,Fas3_00000684
train,salidaD,Alex_Pita_RGB00000598_rotated
train,salidaD,Anton00000569
train,salidaD,Feans_1_RGB00000321_rotated
train,salidaD,Deber00000489
train,salidaD,Fas4_00000389
train,salidaD,Fas5_00000553
train,salidaD,Merchi_RGB00000480
train,salidaD,Fas3_00000755_rotated
train,salidaD,Merchi_RGB00000413_flipped_rotated
train,salidaD,Fas5_00000411_rotated
train,salidaD,Fas4_00000445_flipped_rotated
validation,salidaD,Fas1_00000466_rotated
validation,salidaD,Edu_RGB00000654
validation,salidaD,Feans_Pedro_RGB00000417_flipped_rotated
validation,salidaD,Fas3_00000598_flipped_rotated
validation,salidaD,Alex_Pita_RGB00000513_rotated
validation,salidaD,Fas8_00000377_flipped
validation,salidaD,Fas8_00000314_flipped
validation,salidaD,Feans_Fran_RGB00000572_rotated
validation,salidaD,Feans_1_RGB00000406
validation,salidaD,Feans_Pedro_RGB00000370
validation,salidaD,Fas8_00000440_rotated
validation,salidaD,Fas8_00000314_flipped_rotated
validation,salidaD,Fas6_00000729_flipped_rotated
validation,salidaD,Lucas00000517
validation,salidaD,Feans_2_RGB00000796_rotated
validation,salidaD,Pablo_Plaza_RGB00000513_flipped
validation,salidaD,Deber00000349_flipped_rotated
validation,salidaD,Fas7_00000321_rotated
validation,salidaD,Feans_1_RGB00000406_flipped
validation,salidaD,Fas5_00000484
validation,salidaD,galan00000462
validation,salidaD,Fas7_00000445_flipped_rotated
validation,salidaD,Fas4_00000341_flipped_rotated
validation,salidaD,Fas4_00000341
validation,salidaD,Fas1_00000556
test,salidaD,Fas8_00000440_flipped_rotated
test,salidaD,Fas7_00000445
test,salidaD,Fas2_00000632_flipped_rotated
test,salidaD,Lucas00000589_rotated
test,salidaD,Fas6_00000597
test,salidaD,Deber00000349
test,salidaD,Pablo_Plaza_RGB00000665_flipped_rotated
test,salidaD,Feans_Fran_RGB00000505_flipped
test,salidaD,Martin00000339_rotated
test,salidaD,Deber00000423_flipped
test,salidaD,Lucas00000424_flipped_rotated
test,salidaD,Fas5_00000411_flipped
test,salidaD,galan00000462_rotated
test,salidaD,Pablo_Plaza_RGB00000593
test,salidaD,Deber00000489_flipped
test,salidaD,Feans_Pedro_RGB00000417
test,salidaD,Fas3_00000755
test,salidaD,Fas2_00000718_flipped_rotated
test,salidaD,Feans_Pedro_RGB00000370_rotated
test,salidaD,Anton00000481_flipped_rotated
test,salidaD,Fas5_00000411_flipped_rotated
test,salidaD,Martin00000398
test,salidaD,Alex_Pita_RGB00000598
test,salidaD,Fas3_00000684_flipped
test,salidaD,Anton00000643_flipped
train,salidaR,Feans_Fran_RGB00000825_flipped
train,salidaR,Fas7_00000510_flipped_rotated
train,salidaR,Fas2_00000874_flipped_rotated
train,salidaR,Lucas00000753
train,salidaR,Martin00000559_flipped
train,salidaR,Fas7_00000572_flipped
train,salidaR,Feans_Pedro_RGB00000553_flipped_rotated
train,salidaR,Anton00000824_flipped_rotated
train,salidaR,Feans_Pedro_RGB00000463
train,salidaR,galan00000513_flipped_rotated
train,salidaR,Pablo_Plaza_RGB00000834_rotated
train,salidaR,Merchi_RGB00000737_rotated
train,salidaR,Fas1_00000728_flipped_rotated
train,salidaR,Fas4_00000570_flipped_rotated
train,salidaR,Deber00000558
train,salidaR,Martin00000559_flipped_rotated
train,salidaR,Feans_Fran_RGB00000736_flipped
train,salidaR,Martin00000502_rotated
train,salidaR,Feans_Fran_RGB00000825_rotated
train,salidaR,Lucas00000848_flipped
train,salidaR,Fas8_00000491
train,salidaR,galan00000621_rotated
train,salidaR,Martin00000559
train,salidaR,Fas7_00000641_flipped
train,salidaR,Edu_RGB00001050
train,salidaR,Fas4_00000513_rotated
train,salidaR,Feans_Pedro_RGB00000463_flipped
train,salidaR,Fas4_00000513_flipped
train,salidaR,Fas1_00000859
train,salidaR,Fas8_00000621_flipped
train,salidaR,Pablo_Plaza_RGB00000749_flipped_rotated
train,salidaR,Fas8_00000491_flipped
train,salidaR,Fas8_00000491_rotated
train,salidaR,Fas1_00000798_flipped
train,salidaR,Feans_2_RGB00000856
train,salidaR,Fas8_00000621
train,salidaR,Feans_2_RGB00000856_flipped_rotated
train,salidaR,Fas6_00001020
train,salidaR,Feans_Fran_RGB00000736
train,salidaR,Fas7_00000572_rotated
train,salidaR,Alex_Pita_RGB00000682_rotated
train,salidaR,Feans_Fran_RGB00000649_rotated
train,salidaR,Fas4_00000570_rotated
train,salidaR,Fas4_00000631_flipped
train,salidaR,Anton00000889
train,salidaR,Martin00000502_flipped_rotated
train,salidaR,Fas4_00000513
train,salidaR,Edu_RGB00001050_flipped_rotated
train,salidaR,Alex_Pita_RGB00000776_flipped
train,salidaR,Alex_Pita_RGB00000776
train,salidaR,Fas1_00000859_rotated
train,salidaR,Feans_1_RGB00000534_flipped_rotated
train,salidaR,Edu_RGB00000869
train,salidaR,Feans_2_RGB00000924_flipped_rotated
train,salidaR,Alex_Pita_RGB00000864_flipped
train,salidaR,Feans_Fran_RGB00000736_flipped_rotated
train,salidaR,Fas4_00000631
train,salidaR,Fas4_00000631_rotated
train,salidaR,Alex_Pita_RGB00000864
train,salidaR,Fas6_00001126_flipped
train,salidaR,Anton00000889_flipped
train,salidaR,Merchi_RGB00000672_flipped
train,salidaR,Alex_Pita_RGB00000682_flipped
train,salidaR,Fas1_00000728
train,salidaR,Deber00000707_flipped_rotated
train,salidaR,Fas7_00000641_rotated
train,salidaR,Deber00000707_rotated
train,salidaR,Fas8_00000621_rotated
train,salidaR,Alex_Pita_RGB00000864_flipped_rotated
train,salidaR,Fas3_00000941
train,salidaR,Feans_Pedro_RGB00000553_rotated
train,salidaR,Feans_2_RGB00000989_flipped_rotated
train,salidaR,Martin00000611_flipped_rotated
train,salidaR,Feans_1_RGB00000534
train,salidaR,Feans_Fran_RGB00000649_flipped_rotated
train,salidaR,Merchi_RGB00000672_rotated
train,salidaR,Lucas00000670_flipped
train,salidaR,Feans_Fran_RGB00000736_rotated
train,salidaR,Feans_2_RGB00000856_rotated
train,salidaR,Fas3_00000941_rotated
train,salidaR,Fas6_00001126_rotated
train,salidaR,Feans_1_RGB00000534_rotated
train,salidaR,Fas7_00000641_flipped_rotated
train,salidaR,Fas3_00000807
train,salidaR,Merchi_RGB00000737_flipped_rotated
train,salidaR,Pablo_Plaza_RGB00000911_flipped_rotated
train,salidaR,Fas3_00000941_flipped
train,salidaR,Alex_Pita_RGB00000864_rotated
train,salidaR,Deber00000643
train,salidaR,Deber00000707
train,salidaR,Fas4_00000570_flipped
train,salidaR,Merchi_RGB00000605_rotated
train,salidaR,Pablo_Plaza_RGB00000834
train,salidaR,Anton00000718_rotated
train,salidaR,Lucas00000848_rotated
train,salidaR,Fas2_00000819_flipped
train,salidaR,Martin00000559_rotated
train,salidaR,Fas3_00000876_rotated
train,salidaR,Edu_RGB00000963
train,salidaR,Pablo_Plaza_RGB00000911_flipped
train,salidaR,Fas7_00000641
train,salidaR,Fas3_00000941_flipped_rotated
train,salidaR,Anton00000824_flipped
train,salidaR,Fas7_00000510_rotated
train,salidaR,Lucas00000670_flipped_rotated
train,salidaR,Edu_RGB00000963_flipped
train,salidaR,Merchi_RGB00000737
train,salidaR,Alex_Pita_RGB00000776_rotated
train,salidaR,Anton00000824_rotated
train,salidaR,Feans_Pedro_RGB00000553
train,salidaR,Fas1_00000859_flipped
train,salidaR,Feans_2_RGB00000989_flipped
train,salidaR,Fas3_00000807_flipped_rotated
train,salidaR,Feans_2_RGB00000924_flipped
train,salidaR,Fas4_00000631_flipped_rotated
train,salidaR,Pablo_Plaza_RGB00000834_flipped
train,salidaR,Fas6_00001020_flipped
train,salidaR,Fas3_00000876_flipped
train,salidaR,galan00000562
train,salidaR,Edu_RGB00000963_rotated
train,salidaR,Lucas00000670_rotated
train,salidaR,Fas2_00000819
train,salidaR,Feans_2_RGB00000924
train,salidaR,Merchi_RGB00000605
train,salidaR,Feans_1_RGB00000669_flipped_rotated
train,salidaR,galan00000513_flipped
train,salidaR,Fas2_00000819_flipped_rotated
train,salidaR,Feans_2_RGB00000989
train,salidaR,Fas3_00000876_flipped_rotated
train,salidaR,Feans_Pedro_RGB00000508
train,salidaR,Lucas00000670
train,salidaR,Feans_1_RGB00000669_rotated
train,salidaR,Lucas00000848
train,salidaR,Feans_Pedro_RGB00000463_flipped_rotated
train,salidaR,Feans_2_RGB00000856_flipped
train,salidaR,Feans_2_RGB00000924_rotated
train,salidaR,Fas6_00001242
train,salidaR,Fas1_00000728_flipped
train,salidaR,Merchi_RGB00000605_flipped
train,salidaR,Pablo_Plaza_RGB00000749_rotated
train,salidaR,Edu_RGB00000869_flipped
train,salidaR,Fas6_00001242_flipped
train,salidaR,Fas2_00000819_rotated
train,salidaR,Fas2_00000919_flipped
train,salidaR,Fas2_00000919_flipped_rotated
train,salidaR,Feans_Pedro_RGB00000553_flipped
train,salidaR,Pablo_Plaza_RGB00000749
train,salidaR,Merchi_RGB00000672
train,salidaR,Fas3_00000876
train,salidaR,Fas7_00000572
train,salidaR,Feans_1_RGB00000608_flipped_rotated
train,salidaR,Anton00000718_flipped_rotated
train,salidaR,Fas2_00000919
train,salidaR,Martin00000502_flipped
train,salidaR,Alex_Pita_RGB00000682_flipped_rotated
train,salidaR,Lucas00000848_flipped_rotated
train,salidaR,Fas8_00000552
train,salidaR,Fas4_00000513_flipped_rotated
train,salidaR,galan00000562_rotated
train,salidaR,Feans_1_RGB00000608_rotated
train,salidaR,Fas8_00000552_flipped_rotated
train,salidaR,Fas3_00000807_flipped
train,salidaR,Feans_1_RGB00000608_flipped
train,salidaR,Fas6_00001242_flipped_rotated
train,salidaR,Fas2_00000874_flipped
train,salidaR,Feans_1_RGB00000534_flipped
train,salidaR,Edu_RGB00000963_flipped_rotated
train,salidaR,Fas1_00000728_rotated
train,salidaR,Feans_Fran_RGB00000649_flipped
train,salidaR,Fas6_00001020_flipped_rotated
train,salidaR,Pablo_Plaza_RGB00000749_flipped
train,salidaR,Deber00000558_rotated
train,salidaR,galan00000621_flipped_rotated
train,salidaR,Feans_2_RGB00000989_rotated
train,salidaR,Deber00000643_flipped
train,salidaR,Fas6_00001126
train,salidaR,Fas8_00000552_rotated
train,salidaR,Fas8_00000621_flipped_rotated
train,salidaR,Feans_Pedro_RGB00000508_flipped_rotated
train,salidaR,Fas3_00000807_rotated
train,salidaR,Fas7_00000572_flipped_rotated
train,salidaR,Lucas00000753_flipped
train,salidaR,Deber00000643_rotated
train,salidaR,Fas6_00001020_rotated
train,salidaR,Martin00000611_rotated
train,salidaR,Feans_Fran_RGB00000825
train,salidaR,Lucas00000753_rotated
train,salidaR,Fas1_00000798_flipped_rotated
train,salidaR,Martin00000502
train,salidaR,galan00000513
train,salidaR,Merchi_RGB00000672_flipped_rotated
train,salidaR,Edu_RGB00001050_flipped
validation,salidaR,Fas2_00000919_rotated
validation,salidaR,Feans_Pedro_RGB00000508_rotated
validation,salidaR,Fas2_00000874_rotated
validation,salidaR,Deber00000643_flipped_rotated
validation,salidaR,galan00000621_flipped
validation,salidaR,Feans_Pedro_RGB00000463_rotated
validation,salidaR,Fas6_00001242_rotated
validation,salidaR,Feans_Pedro_RGB00000508_flipped
validation,salidaR,Feans_1_RGB00000669_flipped
validation,salidaR,galan00000621
validation,salidaR,Merchi_RGB00000737_flipped
validation,salidaR,Merchi_RGB00000605_flipped_rotated
validation,salidaR,Anton00000718
validation,salidaR,Fas4_00000570
validation,salidaR,Pablo_Plaza_RGB00000834_flipped_rotated
validation,salidaR,Feans_1_RGB00000608
validation,salidaR,Fas1_00000798_rotated
validation,salidaR,Feans_1_RGB00000669
validation,salidaR,Anton00000718_flipped
validation,salidaR,Feans_Fran_RGB00000649
validation,salidaR,Fas7_00000510_flipped
validation,salidaR,Anton00000889_flipped_rotated
validation,salidaR,Alex_Pita_RGB00000682
validation,salidaR,Martin00000611_flipped
test,salidaR,Edu_RGB00001050_rotated
test,salidaR,galan00000562_flipped
test,salidaR,Feans_Fran_RGB00000825_flipped_rotated
test,salidaR,Pablo_Plaza_RGB00000911
test,salidaR,Deber00000558_flipped
test,salidaR,Lucas00000753_flipped_rotated
test,salidaR,Fas8_00000491_flipped_rotated
test,salidaR,Edu_RGB00000869_rotated
test,salidaR,Fas2_00000874
test,salidaR,Deber00000558_flipped_rotated
test,salidaR,Alex_Pita_RGB00000776_flipped_rotated
test,salidaR,galan00000562_flipped_rotated
test,salidaR,Fas1_00000859_flipped_rotated
test,salidaR,Edu_RGB00000869_flipped_rotated
test,salidaR,Fas1_00000798
test,salidaR,Deber00000707_flipped
test,salidaR,Anton00000824
test,salidaR,Anton00000889_rotated
test,salidaR,Fas7_00000510
test,salidaR,Pablo_Plaza_RGB00000911_rotated
test,salidaR,Fas6_00001126_flipped_rotated
test,salidaR,Fas8_00000552_flipped
test,salidaR,Martin00000611
test,salidaR,galan00000513_rotated
train,vibora,Feans_Pedro_RGB00001010
train,vibora,Pablo_Plaza_RGB00001897_flipped_rotated
train,vibora,Fas5_00001485_flipped_rotated
train,vibora,galan00001252_rotated
train,vibora,Fas2_00001683
train,vibora,Edu_RGB00001905_flipped
train,vibora,Fas3_00002002
train,vibora,Anton00002400_flipped_rotated
train,vibora,Feans_Pedro_RGB00001072
train,vibora,Alex_Pita_RGB00001886
train,vibora,Fas7_00001316_flipped_rotated
train,vibora,Fas8_00001408_flipped_rotated
train,vibora,Feans_Fran_RGB00001851
train,vibora,Edu_RGB00001826_flipped_rotated
train,vibora,Fas5_00001650_flipped
train,vibora,Fas6_00002836_rotated
train,vibora,Feans_2_RGB00001634
train,vibora,Feans_Fran_RGB00001656_rotated
train,vibora,Feans_Fran_RGB00001851_rotated
train,vibora,Pablo_Plaza_RGB00001986_flipped_rotated
train,vibora,Merchi_RGB00001033
train,vibora,Anton00002469
train,vibora,Fas2_00001618_flipped_rotated
train,vibora,galan00001303_flipped
train,vibora,Feans_2_RGB00001730_flipped_rotated
train,vibora,Fas5_00001650_rotated
train,vibora,Alex_Pita_RGB00001782_flipped_rotated
train,vibora,Fas3_00001925
train,vibora,Fas6_00002606_flipped
train,vibora,galan00001344_flipped
train,vibora,Fas1_00001912
train,vibora,Feans_Fran_RGB00001656_flipped
train,vibora,Martin00001389_flipped_rotated
train,vibora,Fas7_00001390_flipped
train,vibora,Lucas00001619_rotated
train,vibora,Martin00001248_flipped_rotated
train,vibora,Fas4_00000744_flipped
train,vibora,Fas2_00001683_rotated
train,vibora,Fas1_00001992_flipped
train,vibora,Feans_2_RGB00001730
train,vibora,Fas7_00001461
train,vibora,Alex_Pita_RGB00001782
train,vibora,Feans_Fran_RGB00001851_flipped_rotated
train,vibora,Edu_RGB00001995_flipped_rotated
train,vibora,Anton00002469_flipped
train,vibora,Alex_Pita_RGB00001886_rotated
train,vibora,Fas5_00001568
train,vibora,Feans_1_RGB00001265
train,vibora,Feans_1_RGB00001349_flipped
train,vibora,Fas6_00002836
train,vibora,Fas1_00001912_flipped_rotated
train,vibora,Martin00001389
train,vibora,Fas8_00001333
train,vibora,Edu_RGB00001995
train,vibora,Fas3_00002052_flipped
train,vibora,Martin00001324_rotated
train,vibora,Martin00001389_rotated
train,vibora,Lucas00001619
train,vibora,Edu_RGB00001995_flipped
train,vibora,Feans_1_RGB00001265_flipped_rotated
train,vibora,Feans_Pedro_RGB00001010_rotated
train,vibora,Merchi_RGB00000980_rotated
train,vibora,Feans_Fran_RGB00001773
train,vibora,Fas6_00002736_flipped
train,vibora,Merchi_RGB00001093_flipped_rotated
train,vibora,Fas8_00001333_flipped_rotated
train,vibora,Pablo_Plaza_RGB00001808
train,vibora,Fas3_00002002_rotated
train,vibora,Martin00001248_rotated
train,vibora,Fas8_00001490
train,vibora,Fas3_00002002_flipped
train,vibora,Fas1_00001992_flipped_rotated
train,vibora,Anton00002469_rotated
train,vibora,Feans_2_RGB00001811_flipped
train,vibora,Alex_Pita_RGB00001707_rotated
train,vibora,Feans_Fran_RGB00001656
train,vibora,Fas1_00001912_flipped
train,vibora,Fas1_00001821
train,vibora,Alex_Pita_RGB00001707_flipped
train,vibora,Lucas00001809_flipped
train,vibora,Anton00002400
train,vibora,Deber00001492_flipped_rotated
train,vibora,Feans_2_RGB00001811_flipped_rotated
train,vibora,Fas3_00001925_flipped
train,vibora,Fas6_00002736_rotated
train,vibora,Lucas00001726
train,vibora,Fas1_00001821_rotated
train,vibora,Fas1_00001992
train,vibora,Lucas00001726_flipped
train,vibora,Deber00001388
train,vibora,Fas5_00001485_rotated
train,vibora,Fas3_00002052_rotated
train,vibora,Fas2_00001515_rotated
train,vibora,Edu_RGB00001995_rotated
train,vibora,Fas7_00001461_rotated
train,vibora,Merchi_RGB00001033_flipped
train,vibora,Fas1_00001992_rotated
train,vibora,Fas4_00000688_flipped_rotated
train,vibora,Fas5_00001568_flipped_rotated
train,vibora,Fas4_00000688
train,vibora,Fas5_00001568_flipped
train,vibora,Edu_RGB00001905_flipped_rotated
train,vibora,Deber00001441_rotated
train,vibora,Anton00002322
train,vibora,Fas7_00001390_rotated
train,vibora,Feans_2_RGB00001634_rotated
train,vibora,Fas1_00001821_flipped_rotated
train,vibora,Fas7_00001390
train,vibora,Feans_Pedro_RGB00001072_rotated
train,vibora,Feans_1_RGB00001413
train,vibora,Fas1_00001821_flipped
train,vibora,Merchi_RGB00001033_rotated
train,vibora,Feans_2_RGB00001730_flipped
train,vibora,Feans_Pedro_RGB00001072_flipped_rotated
train,vibora,galan00001344_rotated
train,vibora,Anton00002322_rotated
train,vibora,Fas4_00000744_flipped_rotated
train,vibora,Fas8_00001408
train,vibora,Edu_RGB00001905_rotated
train,vibora,Fas7_00001390_flipped_rotated
train,vibora,Feans_1_RGB00001349_rotated
train,vibora,Lucas00001809
train,vibora,Fas3_00002052_flipped_rotated
train,vibora,galan00001252
train,vibora,Anton00002469_flipped_rotated
train,vibora,Fas2_00001618_flipped
train,vibora,Martin00001248_flipped
train,vibora,Feans_Pedro_RGB00001123_flipped
train,vibora,Fas8_00001333_flipped
train,vibora,Merchi_RGB00000980
train,vibora,Lucas00001726_rotated
train,vibora,Fas2_00001515
train,vibora,galan00001303_rotated
train,vibora,Fas4_00000688_rotated
train,vibora,galan00001252_flipped
train,vibora,Feans_1_RGB00001265_rotated
train,vibora,Fas5_00001485
train,vibora,Fas5_00001650_flipped_rotated
train,vibora,Pablo_Plaza_RGB00001986_flipped
train,vibora,Anton00002322_flipped_rotated
train,vibora,Pablo_Plaza_RGB00001897_flipped
train,vibora,Fas4_00000744
train,vibora,Feans_Pedro_RGB00001123_rotated
train,vibora,Fas3_00002052
train,vibora,Merchi_RGB00001033_flipped_rotated
train,vibora,Deber00001441_flipped
train,vibora,galan00001344_flipped_rotated
train,vibora,Feans_Fran_RGB00001851_flipped
train,vibora,Feans_Pedro_RGB00001010_flipped_rotated
train,vibora,Deber00001388_rotated
train,vibora,Fas2_00001515_flipped
train,vibora,Fas2_00001515_flipped_rotated
train,vibora,Merchi_RGB00001093_rotated
train,vibora,Feans_2_RGB00001634_flipped
train,vibora,Feans_1_RGB00001265_flipped
train,vibora,galan00001252_flipped_rotated
train,vibora,Fas8_00001490_flipped
train,vibora,Fas4_00000744_rotated
train,vibora,Fas7_00001461_flipped_rotated
train,vibora,Pablo_Plaza_RGB00001808_flipped_rotated
train,vibora,Deber00001492_rotated
train,vibora,Feans_1_RGB00001349_flipped_rotated
train,vibora,Deber00001441
train,vibora,Alex_Pita_RGB00001886_flipped_rotated
train,vibora,Alex_Pita_RGB00001707
train,vibora,Alex_Pita_RGB00001886_flipped
train,vibora,Fas7_00001316
train,vibora,Merchi_RGB00001093
train,vibora,Anton00002322_flipped
train,vibora,Fas6_00002836_flipped_rotated
train,vibora,Feans_1_RGB00001413_rotated
train,vibora,galan00001303_flipped_rotated
train,vibora,Fas5_00001650
train,vibora,Fas4_00000804_flipped_rotated
train,vibora,Pablo_Plaza_RGB00001986
train,vibora,Fas6_00002606
train,vibora,Lucas00001726_flipped_rotated
train,vibora,Lucas00001619_flipped_rotated
train,vibora,Fas6_00002606_flipped_rotated
train,vibora,Martin00001324
train,vibora,Fas6_00002836_flipped
train,vibora,Deber00001388_flipped
train,vibora,Fas8_00001490_rotated
train,vibora,galan00001344
train,vibora,Lucas00001809_rotated
train,vibora,Feans_2_RGB00001811
train,vibora,Feans_Pedro_RGB00001123
train,vibora,Pablo_Plaza_RGB00001897
train,vibora,Alex_Pita_RGB00001707_flipped_rotated
train,vibora,Feans_1_RGB00001413_flipped_rotated
train,vibora,Feans_2_RGB00001730_rotated
train,vibora,Martin00001324_flipped_rotated
train,vibora,Feans_Fran_RGB00001656_flipped_rotated
train,vibora,Fas3_00001925_rotated
train,vibora,Pablo_Plaza_RGB00001808_rotated
train,vibora,Edu_RGB00001826_flipped
train,vibora,Feans_1_RGB00001413_flipped
train,vibora,Deber00001441_flipped_rotated
train,vibora,Merchi_RGB00001093_flipped
train,vibora,Fas6_00002736
train,vibora,Fas5_00001485_flipped
train,vibora,Lucas00001809_flipped_rotated
validation,vibora,Edu_RGB00001905
validation,vibora,Fas3_00001925_flipped_rotated
validation,vibora,Fas4_00000804_flipped
validation,vibora,Fas4_00000688_flipped
validation,vibora,galan00001303
validation,vibora,Martin00001389_flipped
validation,vibora,Fas7_00001316_rotated
validation,vibora,Pablo_Plaza_RGB00001986_rotated
validation,vibora,Feans_Fran_RGB00001773_flipped
validation,vibora,Edu_RGB00001826
validation,vibora,Martin00001324_flipped
validation,vibora,Anton00002400_rotated
validation,vibora,Edu_RGB00001826_rotated
validation,vibora,Deber00001492_flipped
validation,vibora,Feans_Fran_RGB00001773_flipped_rotated
validation,vibora,Fas6_00002736_flipped_rotated
validation,vibora,Fas3_00002002_flipped_rotated
validation,vibora,Feans_2_RGB00001634_flipped_rotated
validation,vibora,Alex_Pita_RGB00001782_rotated
validation,vibora,Feans_1_RGB00001349
validation,vibora,Feans_Fran_RGB00001773_rotated
validation,vibora,Fas7_00001461_flipped
validation,vibora,Feans_Pedro_RGB00001072_flipped
validation,vibora,Lucas00001619_flipped
validation,vibora,Martin00001248
test,vibora,Fas8_00001490_flipped_rotated
test,vibora,Merchi_RGB00000980_flipped_rotated
test,vibora,Fas4_00000804
test,vibora,Pablo_Plaza_RGB00001897_rotated
test,vibora,Feans_2_RGB00001811_rotated
test,vibora,Anton00002400_flipped
test,vibora,Fas4_00000804_rotated
test,vibora,Feans_Pedro_RGB00001123_flipped_rotated
test,vibora,Deber00001388_flipped_rotated
test,vibora,Feans_Pedro_RGB00001010_flipped
test,vibora,Fas5_00001568_rotated
test,vibora,Deber00001492
test,vibora,Fas7_00001316_flipped
test,vibora,Fas2_00001618_rotated
test,vibora,Fas8_00001333_rotated
test,vibora,Pablo_Plaza_RGB00001808_flipped
test,vibora,Fas2_00001683_flipped
test,vibora,Fas8_00001408_flipped
test,vibora,Fas2_00001618
test,vibora,Alex_Pita_RGB00001782_flipped
test,vibora,Fas8_00001408_rotated
test,vibora,Fas2_00001683_flipped_rotated
test,vibora,Fas6_00002606_rotated
test,vibora,Merchi_RGB00000980_flipped
test,vibora,Fas1_00001912_rotated
train,voleaD,Alex_Pita_RGB00001096_flipped_rotated
train,voleaD,Merchi_RGB00001407
train,voleaD,Fas1_00001109_rotated
train,voleaD,Edu_RGB00001290_flipped_rotated
train,voleaD,Feans_1_RGB00000728_flipped_rotated
train,voleaD,Feans_Fran_RGB00000999
train,voleaD,Feans_2_RGB00001053
train,voleaD,Fas8_00000724_flipped_rotated
train,voleaD,Fas2_00000447_rotated
train,voleaD,Fas3_00001199_rotated
train,voleaD,Fas3_00001140_rotated
train,voleaD,galan00000829_rotated
train,voleaD,Edu_RGB00001290_rotated
train,voleaD,Fas5_00000928_flipped
train,voleaD,Alex_Pita_RGB00001044_flipped_rotated
train,voleaD,Feans_Fran_RGB00000912_flipped
train,voleaD,Feans_Fran_RGB00001078
train,voleaD,Fas6_00001474
train,voleaD,Alex_Pita_RGB00000979_flipped
train,voleaD,Merchi_RGB00001532
train,voleaD,Fas1_00001109
train,voleaD,Alex_Pita_RGB00001096
train,voleaD,Edu_RGB00001215_flipped
train,voleaD,Feans_1_RGB00000840_flipped_rotated
train,voleaD,Anton00001222
train,voleaD,Feans_2_RGB00001172_rotated
train,voleaD,Feans_1_RGB00000784_flipped
train,voleaD,Fas3_00001140_flipped
train,voleaD,galan00000686
train,voleaD,galan00000829
train,voleaD,Fas8_00000724_flipped
train,voleaD,Fas5_00000882_flipped_rotated
train,voleaD,Martin00000666_flipped
train,voleaD,Fas2_00000409
train,voleaD,Fas8_00000724
train,voleaD,Deber00000851_flipped_rotated
train,voleaD,Merchi_RGB00001532_flipped_rotated
train,voleaD,Martin00000783
train,voleaD,Feans_1_RGB00000840_flipped
train,voleaD,Feans_Fran_RGB00000999_rotated
train,voleaD,Pablo_Plaza_RGB00000990_flipped_rotated
train,voleaD,Fas4_00001536
train,voleaD,Lucas00001108_rotated
train,voleaD,Fas8_00000839_flipped_rotated
train,voleaD,Fas5_00000928_rotated
train,voleaD,Edu_RGB00001139_flipped
train,voleaD,Merchi_RGB00001472
train,voleaD,Fas5_00000824
train,voleaD,Fas8_00000724_rotated
train,voleaD,Fas3_00001078_rotated
train,voleaD,galan00000829_flipped
train,voleaD,Martin00000666_rotated
train,voleaD,Deber00000806
train,voleaD,Fas1_00001038_rotated
train,voleaD,Feans_Pedro_RGB00000678_flipped_rotated
train,voleaD,Fas6_00001406
train,voleaD,galan00000766_flipped_rotated
train,voleaD,Alex_Pita_RGB00001096_rotated
train,voleaD,Merchi_RGB00001532_rotated
train,voleaD,Fas7_00000835_flipped
train,voleaD,Fas3_00001199_flipped_rotated
train,voleaD,Fas4_00001478_rotated
train,voleaD,Fas1_00001038_flipped_rotated
train,voleaD,Feans_Pedro_RGB00000605
train,voleaD,Alex_Pita_RGB00001096_flipped
train,voleaD,Martin00000783_flipped
train,voleaD,Deber00000851_rotated
train,voleaD,Edu_RGB00001215_rotated
train,voleaD,Fas2_00000483
train,voleaD,Fas7_00000709_flipped_rotated
train,voleaD,Pablo_Plaza_RGB00000990_rotated
train,voleaD,Fas7_00000773_rotated
train,voleaD,Feans_Pedro_RGB00000605_flipped_rotated
train,voleaD,Fas1_00001109_flipped_rotated
train,voleaD,Alex_Pita_RGB00000979_flipped_rotated
train,voleaD,galan00000829_flipped_rotated
train,voleaD,Anton00001222_rotated
train,voleaD,Anton00001147
train,voleaD,Anton00001074
train,voleaD,Fas2_00000409_rotated
train,voleaD,Fas4_00001597_flipped
train,voleaD,Feans_2_RGB00001053_flipped
train,voleaD,Pablo_Plaza_RGB00001078
train,voleaD,Lucas00001108_flipped
train,voleaD,Fas1_00001038
train,voleaD,Fas4_00001597_flipped_rotated
train,voleaD,Fas7_00000709_rotated
train,voleaD,Fas2_00000483_flipped_rotated
train,voleaD,Feans_1_RGB00000784_flipped_rotated
train,voleaD,Fas4_00001478_flipped
train,voleaD,Merchi_RGB00001407_flipped
train,voleaD,Pablo_Plaza_RGB00000990_flipped
train,voleaD,Alex_Pita_RGB00001044
train,voleaD,Pablo_Plaza_RGB00001078_flipped
train,voleaD,Deber00000851_flipped
train,voleaD,Fas3_00001140_flipped_rotated
train,voleaD,Fas2_00000483_flipped
train,voleaD,Feans_2_RGB00001114_flipped
train,voleaD,Merchi_RGB00001532_flipped
train,voleaD,Fas1_00000950
train,voleaD,Fas3_00001078
train,voleaD,Feans_Fran_RGB00001078_flipped
train,voleaD,Deber00000806_flipped
train,voleaD,Feans_Fran_RGB00000912_rotated
train,voleaD,Fas7_00000709_flipped
train,voleaD,Fas6_00001406_flipped_rotated
train,voleaD,Alex_Pita_RGB00000979
train,voleaD,Lucas00001040_flipped_rotated
train,voleaD,Deber00000908
train,voleaD,Fas8_00000839
train,voleaD,Feans_1_RGB00000840_rotated
train,voleaD,Fas7_00000709
train,voleaD,Anton00001147_flipped
train,voleaD,Lucas00000969_rotated
train,voleaD,Fas4_00001478
train,voleaD,Fas1_00000950_flipped
train,voleaD,Fas5_00000928
train,voleaD,Deber00000806_rotated
train,voleaD,Fas4_00001536_flipped_rotated
train,voleaD,Fas6_00001474_rotated
train,voleaD,Fas6_00001565
train,voleaD,Anton00001074_rotated
train,voleaD,Feans_Fran_RGB00001078_rotated
train,voleaD,Fas7_00000773
train,voleaD,galan00000766
train,voleaD,Fas7_00000835_flipped_rotated
train,voleaD,Fas8_00000779_flipped_rotated
train,voleaD,Fas2_00000409_flipped_rotated
train,voleaD,Fas6_00001406_rotated
train,voleaD,Deber00000851
train,voleaD,Feans_2_RGB00001114_rotated
train,voleaD,Feans_2_RGB00001172_flipped
train,voleaD,Edu_RGB00001215
train,voleaD,Fas3_00001199
train,voleaD,Anton00001074_flipped
train,voleaD,Feans_Fran_RGB00000999_flipped
train,voleaD,Martin00000783_rotated
train,voleaD,Fas6_00001474_flipped
train,voleaD,Fas4_00001597_rotated
train,voleaD,Deber00000806_flipped_rotated
train,voleaD,Lucas00001108_flipped_rotated
train,voleaD,Alex_Pita_RGB00001044_flipped
train,voleaD,Fas6_00001565_flipped_rotated
train,voleaD,Fas1_00001038_flipped
train,voleaD,Feans_2_RGB00001172_flipped_rotated
train,voleaD,Fas7_00000835_rotated
train,voleaD,Anton00001222_flipped_rotated
train,voleaD,Fas3_00001078_flipped_rotated
train,voleaD,Feans_2_RGB00001172
train,voleaD,Fas7_00000773_flipped
train,voleaD,Lucas00000969
train,voleaD,Lucas00001040
train,voleaD,Fas3_00001140
train,voleaD,galan00000686_rotated
train,voleaD,Edu_RGB00001290_flipped
train,voleaD,Fas4_00001536_rotated
train,voleaD,Merchi_RGB00001407_flipped_rotated
train,voleaD,Martin00000783_flipped_rotated
train,voleaD,Fas3_00001078_flipped
train,voleaD,Feans_Fran_RGB00000912
train,voleaD,Feans_Fran_RGB00000999_flipped_rotated
train,voleaD,Pablo_Plaza_RGB00001163_flipped
train,voleaD,galan00000686_flipped
train,voleaD,Feans_Pedro_RGB00000678
train,voleaD,Feans_Pedro_RGB00000678_rotated
train,voleaD,Pablo_Plaza_RGB00000990
train,voleaD,Pablo_Plaza_RGB00001078_flipped_rotated
train,voleaD,Feans_1_RGB00000784_rotated
train,voleaD,Feans_Pedro_RGB00000643_flipped_rotated
train,voleaD,Merchi_RGB00001472_flipped_rotated
train,voleaD,Fas5_00000824_flipped
train,voleaD,Fas5_00000882_rotated
train,voleaD,Alex_Pita_RGB00001044_rotated
train,voleaD,Anton00001074_flipped_rotated
train,voleaD,Feans_Fran_RGB00000912_flipped_rotated
train,voleaD,Edu_RGB00001139_rotated
train,voleaD,Anton00001147_rotated
train,voleaD,Feans_2_RGB00001114
train,voleaD,Lucas00001108
train,voleaD,Feans_Pedro_RGB00000678_flipped
train,voleaD,Fas5_00000882
train,voleaD,Fas6_00001565_flipped
train,voleaD,Merchi_RGB00001472_flipped
train,voleaD,Deber00000908_rotated
train,voleaD,Feans_1_RGB00000728_rotated
train,voleaD,Fas2_00000409_flipped
train,voleaD,Feans_Pedro_RGB00000605_rotated
train,voleaD,Fas6_00001406_flipped
train,voleaD,Fas8_00000779_rotated
train,voleaD,galan00000686_flipped_rotated
train,voleaD,Feans_2_RGB00001053_flipped_rotated
train,voleaD,Fas8_00000779_flipped
train,voleaD,Feans_1_RGB00000784
train,voleaD,Anton00001147_flipped_rotated
train,voleaD,Fas1_00000950_flipped_rotated
train,voleaD,Fas1_00001109_flipped
train,voleaD,Merchi_RGB00001472_rotated
train,voleaD,Deber00000908_flipped
train,voleaD,Martin00000730_flipped
train,voleaD,Alex_Pita_RGB00000979_rotated
train,voleaD,Pablo_Plaza_RGB00001163_rotated
train,voleaD,Feans_1_RGB00000728
validation,voleaD,Martin00000666_flipped_rotated
validation,voleaD,Fas5_00000824_flipped_rotated
validation,voleaD,Fas4_00001536_flipped
validation,voleaD,Fas2_00000447
validation,voleaD,Fas2_00000447_flipped
validation,voleaD,Martin00000730
validation,voleaD,Edu_RGB00001139
validation,voleaD,Fas4_00001478_flipped_rotated
validation,voleaD,Martin00000730_flipped_rotated
validation,voleaD,Feans_Pedro_RGB00000643_rotated
validation,voleaD,Anton00001222_flipped
validation,voleaD,Feans_2_RGB00001053_rotated
validation,voleaD,Feans_Pedro_RGB00000643
validation,voleaD,galan00000766_rotated
validation,voleaD,Edu_RGB00001290
validation,voleaD,Martin00000666
validation,voleaD,Martin00000730_rotated
validation,voleaD,Feans_1_RGB00000728_flipped
validation,voleaD,Fas2_00000447_flipped_rotated
validation,voleaD,Edu_RGB00001139_flipped_rotated
validation,voleaD,Fas4_00001597
validation,voleaD,Pablo_Plaza_RGB00001163_flipped_rotated
validation,voleaD,Lucas00001040_flipped
validation,voleaD,Fas7_00000773_flipped_rotated
validation,voleaD,Fas1_00000950_rotated
test,voleaD,Lucas00000969_flipped_rotated
test,voleaD,Fas5_00000824_rotated
test,voleaD,Merchi_RGB00001407_rotated
test,voleaD,Fas5_00000882_flipped
test,voleaD,Feans_Fran_RGB00001078_flipped_rotated
test,voleaD,Pablo_Plaza_RGB00001078_rotated
test,voleaD,Fas8_00000839_flipped
test,voleaD,Pablo_Plaza_RGB00001163
test,voleaD,Lucas00000969_flipped
test,voleaD,Fas7_00000835
test,voleaD,Fas6_00001474_flipped_rotated
test,voleaD,Feans_2_RGB00001114_flipped_rotated
test,voleaD,Fas8_00000779
test,voleaD,galan00000766_flipped
test,voleaD,Fas3_00001199_flipped
test,voleaD,Lucas00001040_rotated
test,voleaD,Feans_Pedro_RGB00000605_flipped
test,voleaD,Fas8_00000839_rotated
test,voleaD,Deber00000908_flipped_rotated
test,voleaD,Feans_1_RGB00000840
test,voleaD,Edu_RGB00001215_flipped_rotated
test,voleaD,Fas5_00000928_flipped_rotated
test,voleaD,Feans_Pedro_RGB00000643_flipped
test,voleaD,Fas2_00000483_rotated
test,voleaD,Fas6_00001565_rotated
train,voleaR,Alex_Pita_RGB00001286_rotated
train,voleaR,Lucas00001291_flipped_rotated
train,voleaR,Lucas00001291_flipped
train,voleaR,Anton00001384_flipped
train,voleaR,Feans_Fran_RGB00001165_rotated
train,voleaR,Fas5_00001042_flipped_rotated
train,voleaR,Fas1_00001180_flipped
train,voleaR,Anton00001292_rotated
train,voleaR,Martin00000890_rotated
train,voleaR,Fas6_00001636_rotated
train,voleaR,Anton00001456
train,voleaR,Edu_RGB00001521_flipped
train,voleaR,Fas5_00001102_flipped_rotated
train,voleaR,Fas7_00000900_rotated
train,voleaR,Fas2_00000596_flipped
train,voleaR,Fas4_00001694_flipped
train,voleaR,Edu_RGB00001361_rotated
train,voleaR,Martin00000956_flipped
train,voleaR,Feans_Fran_RGB00001165_flipped
train,voleaR,Fas8_00000996_rotated
train,voleaR,Feans_Pedro_RGB00000715_rotated
train,voleaR,Fas8_00000945
train,voleaR,Fas6_00001636_flipped
train,voleaR,Alex_Pita_RGB00001212_flipped_rotated
train,voleaR,Feans_Fran_RGB00001237
train,voleaR,Fas6_00001692
train,voleaR,Merchi_RGB00001648
train,voleaR,Pablo_Plaza_RGB00001323_flipped_rotated
train,voleaR,Fas1_00001180_rotated
train,voleaR,Fas6_00001746_flipped_rotated
train,voleaR,Deber00001147_rotated
train,voleaR,Fas7_00000965_rotated
train,voleaR,Fas1_00001326_flipped_rotated
train,voleaR,Fas6_00001636_flipped_rotated
train,voleaR,Feans_1_RGB00000893_flipped
train,voleaR,Feans_2_RGB00001348_flipped
train,voleaR,Pablo_Plaza_RGB00001251_rotated
train,voleaR,galan00000994_rotated
train,voleaR,Lucas00001231
train,voleaR,Lucas00001231_rotated
train,voleaR,Lucas00001231_flipped
train,voleaR,Fas5_00001042_rotated
train,voleaR,Edu_RGB00001439
train,voleaR,Lucas00001176
train,voleaR,Deber00001079_flipped_rotated
train,voleaR,Edu_RGB00001521
train,voleaR,Merchi_RGB00001648_flipped
train,voleaR,Deber00001079
train,voleaR,Fas7_00000965_flipped_rotated
train,voleaR,Fas8_00000945_flipped
train,voleaR,Feans_1_RGB00000946_rotated
train,voleaR,Feans_Fran_RGB00001165
train,voleaR,Fas7_00000900_flipped
train,voleaR,Feans_Pedro_RGB00000715
train,voleaR,Merchi_RGB00001648_rotated
train,voleaR,Fas1_00001180
train,voleaR,Fas5_00001042
train,voleaR,Martin00000890
train,voleaR,Feans_2_RGB00001348_flipped_rotated
train,voleaR,Fas6_00001746_rotated
train,voleaR,galan00000941_rotated
train,voleaR,Fas3_00001388_flipped_rotated
train,voleaR,Fas2_00000596_rotated
train,voleaR,Lucas00001231_flipped_rotated
train,voleaR,galan00000994_flipped_rotated
train,voleaR,Feans_2_RGB00001282
train,voleaR,galan00000994
train,voleaR,Fas8_00000891_flipped
train,voleaR,Fas1_00001326_flipped
train,voleaR,Fas2_00000519_flipped
train,voleaR,Feans_1_RGB00000999_flipped
train,voleaR,Merchi_RGB00001600_rotated
train,voleaR,galan00000941_flipped_rotated
train,voleaR,Fas2_00000567_flipped
train,voleaR,Fas7_00000900
train,voleaR,Feans_Fran_RGB00001237_rotated
train,voleaR,galan00000881_flipped_rotated
train,voleaR,Fas4_00001694_rotated
train,voleaR,Feans_Pedro_RGB00000762_flipped
train,voleaR,Feans_2_RGB00001223_flipped
train,voleaR,Fas1_00001261_rotated
train,voleaR,Fas4_00001751_rotated
train,voleaR,Fas3_00001263_flipped
train,voleaR,Feans_1_RGB00000999_flipped_rotated
train,voleaR,Fas4_00001643
train,voleaR,Anton00001292_flipped
train,voleaR,Fas4_00001694
train,voleaR,Martin00000890_flipped_rotated
train,voleaR,Feans_Fran_RGB00001165_flipped_rotated
train,voleaR,Edu_RGB00001521_flipped_rotated
train,voleaR,Feans_Fran_RGB00001310
train,voleaR,Fas3_00001320_flipped_rotated
train,voleaR,Martin00000956_rotated
train,voleaR,Fas3_00001263_flipped_rotated
train,voleaR,Edu_RGB00001361_flipped_rotated
train,voleaR,Fas3_00001320_rotated
train,voleaR,Lucas00001176_flipped
train,voleaR,Fas5_00001102
train,voleaR,Anton00001456_rotated
train,voleaR,Fas3_00001320
train,voleaR,Deber00000975
train,voleaR,Feans_2_RGB00001223
train,voleaR,Martin00000839_flipped_rotated
train,voleaR,Martin00000956_flipped_rotated
train,voleaR,Feans_1_RGB00000999
train,voleaR,Pablo_Plaza_RGB00001402_rotated
train,voleaR,Fas2_00000567
train,voleaR,Fas2_00000519_flipped_rotated
train,voleaR,Feans_Fran_RGB00001310_rotated
train,voleaR,Edu_RGB00001361
train,voleaR,galan00000941_flipped
train,voleaR,Deber00000975_flipped_rotated
train,voleaR,Feans_Fran_RGB00001237_flipped_rotated
train,voleaR,Feans_2_RGB00001348_rotated
train,voleaR,Alex_Pita_RGB00001212
train,voleaR,Anton00001456_flipped_rotated
train,voleaR,Fas5_00001160
train,voleaR,Feans_Fran_RGB00001310_flipped
train,voleaR,Lucas00001291
train,voleaR,Feans_Pedro_RGB00000797_flipped
train,voleaR,Fas5_00001042_flipped
train,voleaR,Feans_1_RGB00000893
train,voleaR,Alex_Pita_RGB00001147_flipped
train,voleaR,Alex_Pita_RGB00001212_flipped
train,voleaR,Feans_Fran_RGB00001237_flipped
train,voleaR,Fas6_00001692_rotated
train,voleaR,Feans_Pedro_RGB00000762_flipped_rotated
train,voleaR,Edu_RGB00001439_flipped_rotated
train,voleaR,Merchi_RGB00001706
train,voleaR,Fas7_00000965_flipped
train,voleaR,Pablo_Plaza_RGB00001323_flipped
train,voleaR,Alex_Pita_RGB00001147_flipped_rotated
train,voleaR,Fas1_00001326
train,voleaR,Fas4_00001694_flipped_rotated
train,voleaR,Martin00000956
train,voleaR,Fas6_00001746
train,voleaR,Lucas00001176_flipped_rotated
train,voleaR,Anton00001292_flipped_rotated
train,voleaR,Feans_Pedro_RGB00000797_flipped_rotated
train,voleaR,Fas6_00001746_flipped
train,voleaR,Feans_Pedro_RGB00000762
train,voleaR,Deber00001079_rotated
train,voleaR,Fas7_00001027_flipped
train,voleaR,Deber00001147_flipped
train,voleaR,Pablo_Plaza_RGB00001402_flipped
train,voleaR,Fas1_00001326_rotated
train,voleaR,Fas1_00001180_flipped_rotated
train,voleaR,Edu_RGB00001521_rotated
train,voleaR,Fas6_00001636
train,voleaR,Fas8_00000891_flipped_rotated
train,voleaR,Alex_Pita_RGB00001286_flipped_rotated
train,voleaR,Fas8_00000996_flipped_rotated
train,voleaR,Martin00000839_rotated
train,voleaR,Fas5_00001160_flipped_rotated
train,voleaR,Feans_Fran_RGB00001310_flipped_rotated
train,voleaR,Alex_Pita_RGB00001212_rotated
train,voleaR,Feans_2_RGB00001223_rotated
train,voleaR,Fas4_00001751_flipped
train,voleaR,Fas6_00001692_flipped
train,voleaR,galan00000994_flipped
train,voleaR,Deber00001147_flipped_rotated
train,voleaR,Fas8_00000891
train,voleaR,Fas3_00001263_rotated
train,voleaR,Pablo_Plaza_RGB00001251_flipped
train,voleaR,Fas3_00001388
train,voleaR,Pablo_Plaza_RGB00001251
train,voleaR,Feans_Pedro_RGB00000762_rotated
train,voleaR,Martin00000890_flipped
train,voleaR,Fas1_00001261
train,voleaR,Fas3_00001320_flipped
train,voleaR,Fas7_00001027_rotated
train,voleaR,Anton00001292
train,voleaR,Fas7_00000900_flipped_rotated
train,voleaR,Fas2_00000596_flipped_rotated
train,voleaR,Pablo_Plaza_RGB00001323
train,voleaR,Fas1_00001261_flipped
train,voleaR,Fas2_00000519
train,voleaR,galan00000881_rotated
train,voleaR,Feans_2_RGB00001348
train,voleaR,Merchi_RGB00001706_flipped
train,voleaR,Feans_Pedro_RGB00000797_rotated
train,voleaR,Deber00001147
train,voleaR,Feans_Pedro_RGB00000797
train,voleaR,Fas5_00001160_flipped
train,voleaR,Fas2_00000596
train,voleaR,Edu_RGB00001439_rotated
train,voleaR,Feans_Pedro_RGB00000715_flipped
train,voleaR,Anton00001384_rotated
train,voleaR,Merchi_RGB00001600
train,voleaR,Feans_2_RGB00001223_flipped_rotated
train,voleaR,Pablo_Plaza_RGB00001323_rotated
train,voleaR,Fas3_00001263
train,voleaR,Fas8_00000996
train,voleaR,Fas5_00001102_flipped
train,voleaR,galan00000881_flipped
train,voleaR,Fas2_00000567_rotated
train,voleaR,Fas2_00000519_rotated
train,voleaR,Feans_2_RGB00001282_flipped
train,voleaR,galan00000941
train,voleaR,Anton00001384
train,voleaR,Feans_Pedro_RGB00000715_flipped_rotated
train,voleaR,Pablo_Plaza_RGB00001402
validation,voleaR,Merchi_RGB00001648_flipped_rotated
validation,voleaR,Feans_1_RGB00000999_rotated
validation,voleaR,Fas2_00000567_flipped_rotated
validation,voleaR,Fas4_00001643_rotated
validation,voleaR,Martin00000839_flipped
validation,voleaR,Fas5_00001160_rotated
validation,voleaR,Fas7_00001027_flipped_rotated
validation,voleaR,Fas3_00001388_flipped
validation,voleaR,Fas5_00001102_rotated
validation,voleaR,Deber00000975_rotated
validation,voleaR,Feans_1_RGB00000946_flipped_rotated
validation,voleaR,Lucas00001291_rotated
validation,voleaR,Pablo_Plaza_RGB00001402_flipped_rotated
validation,voleaR,Edu_RGB00001361_flipped
validation,voleaR,Fas1_00001261_flipped_rotated
validation,voleaR,Fas4_00001751
validation,voleaR,Fas3_00001388_rotated
validation,voleaR,Edu_RGB00001439_flipped
validation,voleaR,Alex_Pita_RGB00001147
validation,voleaR,Fas8_00000945_rotated
validation,voleaR,Lucas00001176_rotated
validation,voleaR,Fas7_00001027
validation,voleaR,Pablo_Plaza_RGB00001251_flipped_rotated
validation,voleaR,Fas6_00001692_flipped_rotated
validation,voleaR,Fas8_00000945_flipped_rotated
test,voleaR,Martin00000839
test,voleaR,Anton00001456_flipped
test,voleaR,Feans_2_RGB00001282_flipped_rotated
test,voleaR,Merchi_RGB00001600_flipped
test,voleaR,Fas7_00000965
test,voleaR,Anton00001384_flipped_rotated
test,voleaR,Feans_1_RGB00000946_flipped
test,voleaR,Merchi_RGB00001706_rotated
test,voleaR,Feans_2_RGB00001282_rotated
test,voleaR,Alex_Pita_RGB00001286
test,voleaR,Fas8_00000996_flipped
test,voleaR,galan00000881
test,voleaR,Fas4_00001751_flipped_rotated
test,voleaR,Merchi_RGB00001706_flipped_rotated
test,voleaR,Fas4_00001643_flipped_rotated
test,voleaR,Fas4_00001643_flipped
test,voleaR,Merchi_RGB00001600_flipped_rotated
test,voleaR,Deber00000975_flipped
test,voleaR,Alex_Pita_RGB00001147_rotated
test,voleaR,Fas8_00000891_rotated
test,voleaR,Feans_1_RGB00000893_flipped_rotated
test,voleaR,Alex_Pita_RGB00001286_flipped
test,voleaR,Deber00001079_flipped
test,voleaR,Feans_1_RGB00000946
test,voleaR,Feans_1_RGB00000893_rotated